points,A_glotis,A_epiglotis,r_curvature,d_trachea,l_trachea,teta_branch_trachea,l_l,l_r,teta_branch_l,teta_branch_r,l_ll,l_lr,l_rl,l_rr,teta_branch_ll,teta_branch_lr,teta_branch_rl,teta_branch_rr,l_lll,l_llr,l_lrl,l_lrr,l_rll,l_rlr,l_rrl,l_rrr
snapshot1.bin,188.7771507,139.2693469,46.39568241,16.67357942,129.4626585,93.58786728,54.73962302,27.6258255,87.76278357,81.20368293,21.93498631,19.60085557,33.4590138,17.27135172,90.89560861,92.92842053,86.33187808,96.9675072,8.980873133,7.035886721,10.94750287,9.549317502,17.58898684,9.019300816,7.71882706,8.41900837
snapshot2.bin,213.6567004,126.664454,49.79001449,20.44607225,113.3216226,99.46557023,51.76484787,25.89475903,78.93028329,83.90221024,23.0863155,24.27785323,35.28342776,19.88339065,104.1851425,98.61655222,88.07412571,84.25274314,8.728019816,6.308559441,9.675663939,10.34066942,17.61553225,10.61842284,8.678028456,9.624824296
snapshot3.bin,129.1783598,189.4504849,53.21762941,17.19196211,108.8736995,85.61190896,56.00435382,25.64657275,74.70839335,89.49402608,22.14164003,20.01280291,35.5524631,15.31817445,84.84736262,99.7842723,89.11609268,86.67191831,7.744272457,8.582000417,9.470299086,7.177519146,16.76251226,10.7442125,9.935619865,9.226726813
snapshot4.bin,168.147779,163.8233788,52.45268275,19.06169482,121.1072214,87.37290194,55.2353104,27.90108394,72.04145152,92.11414384,22.08852106,19.42995248,33.17615044,17.91521395,100.2462809,87.37568428,81.85665097,99.67944065,8.155120072,7.207070508,7.875809266,9.208305879,17.10669571,8.738486009,7.559671742,9.523206948
snapshot5.bin,143.7825911,180.980263,51.53115551,18.92226351,115.0496002,80.56484098,56.92492345,25.99628358,72.92460897,92.72317365,21.92466655,23.52559468,38.38855761,15.1814563,82.19322701,89.06852839,84.94137486,102.5021299,7.308960164,7.591501781,9.826846677,10.87387701,18.75861477,9.481856302,8.879318572,8.586134736
snapshot6.bin,170.1221906,278.6928467,51.00832738,18.09133768,115.8361847,83.74812152,54.24091025,27.81941811,85.87186979,88.12180082,23.25978467,24.56377926,35.35667693,15.61585098,94.77475114,95.39087385,85.90382055,85.70868464,7.808356905,9.728533785,7.896224794,10.10561016,18.59533805,9.543732411,8.067896046,9.386710678
snapshot7.bin,90.03538943,297.6783203,48.86952914,17.27728573,125.3168124,90.26237386,56.67293576,26.71062282,85.68576394,84.01368113,24.45979268,22.21671941,35.14550132,18.19166055,103.3711636,100.7887361,86.64377627,102.9321596,9.35051712,6.759435014,8.524940442,7.957141526,17.18708237,9.582719992,9.916269233,8.147315798
snapshot8.bin,172.0840453,118.3432342,53.11581252,18.78559979,122.3504514,97.62857209,54.16796155,25.4489094,86.00043469,82.6282026,21.03340159,23.68487495,37.77861979,17.06902446,89.7105578,86.58494402,77.94056365,104.8349049,7.537000163,6.14902361,8.801096984,9.922447733,18.68984276,12.47473354,7.935736696,8.918814725
snapshot9.bin,108.2519888,94.8427183,47.0313692,18.45788104,107.0468149,95.33852874,53.76557804,27.96452458,73.8873186,76.59006857,24.64418228,22.1339576,37.58945586,19.4614456,95.23849112,95.78731325,82.26315501,93.14768136,10.95652745,7.60321106,10.52076745,7.678044616,18.54002826,9.081695864,8.620110943,7.756597249
snapshot10.bin,111.0828511,134.5830156,52.85083332,19.36238839,122.4733682,83.36946001,51.95116408,27.77869782,74.38011946,89.76437619,23.11257232,19.47146423,34.5755323,19.56665455,93.73228953,87.23027113,82.32301205,80.90805655,12.48522016,7.639098686,10.78655077,10.38633021,18.57114648,9.615493239,8.420779157,8.328999098
snapshot11.bin,124.4934967,244.3658168,48.30482559,20.61937506,119.5912427,81.22577026,52.39122395,27.56469617,80.82935679,79.40373512,24.30001495,24.34389667,35.00663183,16.04304163,98.89346923,82.48901928,88.4611743,87.05370365,11.92764326,8.35487967,8.750063289,8.3445482,17.49546318,11.84159267,8.268629248,7.089741963
snapshot12.bin,194.8167706,200.9927411,50.25060161,17.48185171,105.3417526,85.38112644,52.50480421,25.69795131,86.87951023,77.11673264,21.33925406,19.96126451,31.47554532,17.30888773,83.58605631,94.42469634,88.03712347,101.5612897,12.6629244,9.089554645,9.211705134,9.027014376,17.76023102,11.25222616,7.23102393,7.975228764
snapshot13.bin,159.7870457,303.9389841,48.47728503,19.42809332,127.1804287,81.42197784,55.07794954,27.71504423,83.00356416,79.0190022,21.84761706,19.8084631,37.38341873,16.58491054,82.88550075,98.79522224,81.04536701,102.7473131,7.489287467,8.390421361,7.695070754,9.453004977,17.78089074,10.29223409,7.716751574,8.30994177
snapshot14.bin,218.1305522,305.4094394,48.59844778,17.06724739,106.3209358,92.36295895,56.77306718,26.27443482,78.41066433,94.66351996,21.31159657,19.96697834,37.99393923,17.69654364,92.62717565,80.57942982,80.03731406,99.63129439,8.763479912,7.873594652,10.07441299,10.59162786,18.08265524,9.453573505,7.911985302,9.678031238
snapshot15.bin,99.6418839,144.9240933,49.14822245,16.9338613,107.0760398,82.32970606,54.86411695,24.81370177,70.26033331,84.32325906,21.84110876,19.05466906,38.98694807,16.02821818,80.38679294,89.02227047,80.20833684,94.19574804,9.540536812,8.79538088,7.825312389,9.672958054,17.05472543,10.02718777,9.029758132,9.299157396
snapshot16.bin,202.0809363,310.4506972,50.3238398,19.06741709,106.0428308,95.73541697,54.90182819,24.75321715,85.40143859,93.20056325,21.65164425,24.87034182,35.7452706,17.8525674,95.28810138,83.74354314,81.95799343,83.10720949,10.58293533,8.653288805,9.290524714,8.573697112,18.52609147,10.09328545,7.641333492,7.353505652
snapshot17.bin,127.2942058,321.2017568,51.48641421,19.24213672,124.7052789,88.94786615,54.58085046,26.67552943,72.38988055,83.08368979,22.57891466,23.87772378,36.17959164,19.73081863,84.67331441,90.85566839,75.4526816,102.0900416,12.79423554,8.422891516,10.98655611,8.977692369,18.93618045,8.840734229,9.584087737,7.984972698
snapshot18.bin,117.0482295,258.9777853,51.5703599,19.78684311,113.66742,99.44908502,54.5625434,25.85755681,72.13234324,89.44868452,21.10978366,19.94543185,36.98525588,16.13459338,95.40311929,87.62645735,83.98107204,90.94969746,7.65110195,8.514855843,9.432828799,8.231351682,17.01259834,12.23678259,7.736454519,9.583501846
snapshot19.bin,133.3402077,83.91708563,50.9964824,20.726519,119.8874766,97.35633288,51.25022444,26.25770236,73.39713996,89.79972524,24.78008305,23.44386876,38.72308674,19.03337927,86.28206898,101.9128871,79.60500748,104.9555992,11.73501621,8.238961804,9.33539082,8.875202784,18.28103539,10.78369533,9.075416172,7.333660166
snapshot20.bin,116.9144953,190.8879033,53.307245,17.0232493,120.7963132,91.0615529,56.28161576,25.22972723,83.48200108,81.9755064,24.42850097,20.53416096,37.60614902,17.41959379,98.38125004,103.0034431,79.21094027,97.73316601,12.5525909,7.85125068,9.320418333,10.53532005,16.63212546,8.76945144,9.261770683,9.101397307
snapshot21.bin,105.1797678,325.6941213,50.48500314,19.45437058,127.3945868,98.49288188,52.70266325,27.27887269,75.38146258,80.25165649,22.01807068,20.6750746,35.94668687,15.30169862,94.3118458,97.38545244,83.3926531,83.95511079,12.97846879,8.935477708,10.67566504,8.458707785,18.8701811,9.892873221,9.247313578,7.031620975
snapshot22.bin,125.8181417,259.7357374,48.07746257,20.41549561,122.1433573,96.01987646,54.88367301,25.36529358,71.70686197,83.8662517,22.85031882,19.61130833,38.37864637,16.15996701,87.93098479,91.53947804,79.41932446,101.8470259,10.13543825,6.269816261,7.110076372,9.880928429,18.52997449,12.39185279,8.5817533,9.082993816
snapshot23.bin,106.8603055,135.9874422,52.63400035,17.38902118,118.5077675,89.55288726,51.09050929,24.90099384,84.89452538,78.30123947,23.80487384,22.27256684,38.79718884,17.9363396,93.39229373,93.71339061,75.89770865,93.45608832,12.96329736,8.742510267,7.580602434,8.24619581,18.32280796,9.397105085,9.373631366,9.70543779
snapshot24.bin,128.5697543,165.4115082,49.09799575,19.1017989,108.2020133,84.66288151,53.59266572,24.67969792,72.95981219,76.38049685,21.45299628,22.2101773,32.04742873,15.84009433,90.71311438,85.03349882,76.1045088,88.09047746,10.46653856,7.490822545,9.098320325,10.96015095,18.78385285,11.50172439,8.259908404,7.641801669
snapshot25.bin,181.952104,263.5027395,48.81938864,20.57004788,115.4667047,98.27508645,53.35364755,25.96609641,88.11867835,75.9982511,24.47631416,19.86483753,37.8088771,16.12497244,100.9510397,100.3593436,87.08319714,94.01875237,12.93009882,7.518903172,10.67697625,8.506622318,18.19004309,9.465874325,8.626488411,9.000956375
snapshot26.bin,148.5826191,187.2039521,46.93440939,19.4343172,128.4700089,99.68218119,51.84841593,26.62456623,72.87133531,77.08340217,24.42085685,21.13626199,34.55237129,18.31043947,81.62644099,96.92994385,80.93816449,94.62188929,9.510302549,7.178915173,7.658459391,10.27930469,16.73809457,11.82165476,9.132601586,7.700449495
snapshot27.bin,122.0302378,115.239102,49.50615353,17.46045253,107.3456603,98.37160734,53.62807397,26.85433825,72.37634663,86.10435838,22.2086414,23.29620292,32.34160788,18.60900161,93.72413983,82.95032417,76.83273915,99.89690737,11.47091218,8.746967479,7.66285656,7.180909535,16.65310659,11.62369319,8.403590044,9.358757241
snapshot28.bin,219.7290728,282.4639627,49.95323886,18.17704893,110.1961297,98.84016631,54.28451351,27.27484064,86.70371171,83.41820614,22.39043727,22.43935209,35.8544251,18.36078775,85.96011113,80.16610606,88.09895649,97.88519093,8.067863527,9.633559562,9.47734519,10.51896892,17.80026864,8.755404527,9.709367137,7.000210277
snapshot29.bin,223.913028,189.882333,48.00078118,20.58441681,116.2392217,84.33402985,52.52414253,24.12254057,78.63186785,80.99964754,21.88141698,23.03525802,36.41430892,18.86295374,101.8890233,90.65278589,87.58737246,87.00947728,8.25889984,9.721248342,8.200964004,10.30369845,18.78905128,11.35602918,8.818760783,7.18704084
snapshot30.bin,216.396369,310.6220363,51.24787318,20.55733053,119.8166422,82.07188834,56.33478484,24.55424678,77.92233844,86.1484892,20.25787691,19.70648618,31.77800818,17.48171782,88.14469435,102.6467482,83.32537572,87.2022732,7.933579651,7.652718769,7.976418552,7.131094668,17.18981144,11.95089142,8.611681064,9.27095376
snapshot31.bin,175.2524576,127.9006682,51.46816499,16.64602914,114.6176648,98.39086843,52.64372572,27.0930744,76.06185002,85.58494705,20.13252189,21.83893729,34.33596943,15.57167021,80.10581535,86.87969173,76.54715142,88.17499525,9.984207279,7.418795904,8.985471973,8.424313343,16.59447555,8.512248171,9.227509196,9.684438158
snapshot32.bin,149.2537319,273.1808438,52.21035123,19.70646876,112.7290915,92.30332288,51.11541504,26.8030274,77.81951974,85.06683494,21.85794371,22.52263443,38.76912122,16.33233124,80.15300609,81.60717526,85.98435945,103.1329429,7.114945456,9.385690726,8.549935826,10.03393237,16.61862899,9.31734962,8.329165782,7.100485331
snapshot33.bin,205.3113466,276.7442889,51.45977692,19.63716011,125.7205136,96.81049551,56.58850499,27.31768765,71.34075532,83.80898784,22.07754269,21.01766028,38.52161644,17.20618137,97.28621803,93.94565528,75.39920694,103.1927287,12.80819873,9.03342151,10.69236385,8.946815361,16.99642765,10.22094682,8.740226516,8.720630501
snapshot34.bin,135.6759268,103.0516491,52.88799823,18.42382858,117.0314913,93.61814019,54.98914418,24.38478403,86.32319437,76.31224533,24.53592888,22.69433716,35.87435113,15.71498792,94.05715186,85.30858894,81.73479914,100.9709389,12.65023706,7.18527775,10.18917506,7.437276957,16.86808096,11.55064202,8.127086009,8.281433947
snapshot35.bin,95.42215453,156.5690893,52.9309867,18.59665374,112.2905303,94.47534265,55.12391175,24.60911347,72.29015477,94.96656613,20.37314499,22.1795492,32.09628631,19.91238662,84.20644638,84.21171763,85.9227047,85.9108846,7.017263459,7.081432374,9.135309037,9.696705383,17.60329735,10.15627086,9.15314457,9.975324511
snapshot36.bin,139.6008648,287.294909,52.61326163,19.33655092,109.9766183,88.0688672,53.00179619,25.78044124,74.12344752,93.32289632,24.52446579,20.02425503,31.96167898,18.11015112,93.87315735,83.33291835,77.71821713,90.5589558,11.20393094,8.429760907,8.703933311,9.257749353,17.165358,12.90964876,9.545850042,7.131505409
snapshot37.bin,89.43969634,261.6013836,49.91545005,20.40421268,109.9643519,96.37506624,53.45921282,27.31048341,77.3949397,89.0592501,20.62719596,23.67522777,34.94847103,17.01979619,90.62029614,101.9727337,75.36999985,104.7328906,9.708455712,8.94135149,10.06404921,9.899560878,18.98425936,8.504451066,8.693508505,9.768269016
snapshot38.bin,87.23360288,201.9801814,49.48767222,17.57426422,126.4472036,89.04461635,54.70787888,25.62705472,81.09066927,90.9729979,20.6353376,19.6226903,31.06559846,15.38801947,95.62854329,83.43857239,84.11810742,89.37870104,11.97510252,7.635457738,10.89253389,7.273924148,18.36064102,11.68029321,9.750353616,8.005455062
snapshot39.bin,229.7487712,130.8648738,49.68112771,17.77139272,113.9665787,83.77318092,56.36786625,27.5141828,89.12138627,84.73990544,20.73828335,20.06628577,38.51385729,19.29991201,101.9967545,86.84351858,84.33194862,100.4669375,11.84142588,9.327571822,8.969733287,7.315616022,17.79964599,12.16839562,8.505268269,7.773816239
snapshot40.bin,215.002904,129.1262677,50.76135558,18.71104995,107.8033631,91.70511937,53.54633201,26.58202576,84.23657285,77.4901084,22.51413836,23.51900811,33.39624607,15.86722625,86.36531369,90.25612749,83.4346659,102.1435696,10.10337043,6.702405575,7.331523657,9.096728266,18.65413619,12.97429539,7.549034602,7.663894715
snapshot41.bin,120.039245,250.6291273,47.13522142,17.72607439,119.2259938,82.71931693,53.62120043,27.46466896,88.62626227,81.17399793,20.33621745,23.58643486,36.12368605,19.18495066,93.00540463,91.94118676,77.6384002,99.05370357,12.24178022,9.369576568,8.07311687,7.591340096,17.19115042,12.50225542,7.654420732,9.032090866
snapshot42.bin,94.08137373,124.7145147,47.67275105,19.74133668,116.0948319,83.48067015,51.66394755,26.22070319,82.61094965,83.92420465,20.78945533,20.22458366,31.84956318,16.66338514,80.00218426,83.77116651,79.98961796,86.60884117,11.50151091,6.675798655,8.932312026,9.530523867,17.04038188,9.863491372,9.637508078,7.643995808
snapshot43.bin,174.2812504,283.7355934,53.97963797,19.44650002,107.8574438,97.64971491,54.9165225,25.20456042,72.23645173,89.82868264,22.44434359,20.3061549,35.22664285,15.98652367,88.21707875,84.63675862,87.5752302,89.05535662,10.86223877,8.499774602,8.340132311,10.91781621,16.82280581,8.798541048,8.919646797,8.442904683
snapshot44.bin,188.3957389,225.2496717,50.8323249,20.3602644,127.2727908,92.81389822,53.40814381,24.26292157,82.03583488,85.16609816,20.73280903,24.7249918,36.89340973,17.42688403,98.25338226,82.34820765,88.44979161,87.46092154,9.892143655,9.740865393,10.93053074,10.09921412,16.50932509,8.877809092,7.499253639,8.297727309
snapshot45.bin,204.1474694,125.3916361,49.5591906,20.1268172,114.5270075,80.23843481,53.9938472,24.89888163,79.08377512,85.20411134,22.33924185,20.1919603,33.19189401,16.85034215,101.391974,88.91684841,86.50557098,85.1318137,7.006448677,6.682031418,10.40123121,9.030473414,18.26543107,12.96196433,7.196027492,7.133910411
snapshot46.bin,126.0755974,86.75925059,53.83372895,18.52046745,118.75958,83.86370101,55.90136693,24.57363119,70.24484306,79.30928016,23.5716362,19.79974797,34.98235272,19.3363364,102.3919374,99.33540745,87.16345226,87.97508987,12.71053694,9.582152857,8.753735521,8.451891247,17.4643998,9.166206091,8.478756905,7.707574897
snapshot47.bin,183.2427401,313.1229423,51.35809461,17.32449898,106.0991772,81.60019893,55.45680892,27.36783669,75.3474798,93.48896718,24.25305574,23.25560001,34.56050414,15.44801822,102.4156169,82.88714542,75.09746793,82.39565065,8.563667914,8.309291924,9.00394092,8.919446419,18.35634769,10.53250535,8.384322532,8.526833519
snapshot48.bin,176.7160057,127.7861128,46.10841683,18.96364284,121.8218673,91.11081927,53.9773171,26.32517685,77.77261841,87.19007711,24.93100499,19.07642094,32.71087824,19.40515496,99.97817482,82.6531453,75.7551721,100.8241162,8.945542219,9.472839369,7.668139477,10.95585688,17.43257544,8.979984408,9.104000231,7.231298319
snapshot49.bin,179.1689463,168.9101593,47.47108228,16.52033695,126.7570262,99.98147012,52.13491637,24.40011795,82.47117283,83.33187369,21.75205275,19.59584831,38.14477695,17.63203988,89.6023508,94.24910382,87.04842962,95.10004831,10.7942138,9.081171024,8.172387361,7.33151512,17.55672229,11.23924564,7.358781097,9.93247571
snapshot50.bin,192.521759,320.328271,52.72192973,20.6663399,110.85603,87.10989542,52.42826222,25.89635697,70.32105122,81.75634364,20.72082675,21.97682308,33.00842177,15.73675226,84.3907867,93.4103277,77.38263177,80.40009535,9.10166668,7.362641773,9.228324501,10.26486218,18.85842584,10.22831777,7.512026974,8.319040117
snapshot51.bin,194.0430692,162.1319196,49.76761062,18.8685477,121.3007911,99.19871647,52.20144092,26.34708536,74.22277534,87.83975711,21.79402925,22.28814913,32.75539688,15.6293414,81.34988202,95.36477419,83.9184836,83.71167992,8.009915213,7.667384099,8.086726549,10.66378806,17.1753181,12.58831975,7.471964545,7.53314421
snapshot52.bin,108.8346402,232.6160505,46.32362948,19.5420464,119.12271,92.0566952,51.12118982,24.72545444,76.161044,87.57270576,20.93285969,19.17228158,38.23429148,17.51906242,93.41550498,85.60851505,86.03134694,95.32906108,10.90549022,8.208543682,10.6088347,8.462289539,16.68611556,8.802721728,9.678833613,8.418039154
snapshot53.bin,103.0497961,281.9944727,51.13158847,19.5490207,124.729719,96.28836828,52.73879194,25.65212029,71.2540747,77.02066369,23.66156137,21.70046034,35.95387979,19.83895493,92.22379956,104.3085916,79.70982172,94.6698582,10.66586103,9.507842301,8.80885023,10.86371899,17.06420176,8.696293692,7.441301706,7.043060992
snapshot54.bin,108.9578405,91.52134589,50.01862203,16.75470555,110.6114543,82.91065003,54.09016505,26.69371269,70.77781285,88.16606511,23.3990387,22.19388919,31.96830636,18.42998512,100.5980551,95.80802774,85.34672975,92.78340867,10.82862767,9.786412629,8.190696455,9.277516425,18.78556221,8.521132838,7.465256035,8.340433838
snapshot55.bin,200.8898976,194.8430544,53.78413038,16.55828707,112.1540426,88.41672633,53.24088543,24.9641672,82.8576214,90.09246193,24.09101076,20.4360866,37.24079438,17.00375627,93.62730449,103.9997983,87.42028165,97.8712674,7.376613819,6.289073475,8.988987755,9.493947924,18.60494613,11.41499803,8.346376041,8.161323048
snapshot56.bin,157.3134882,116.6843787,52.62885479,17.08984252,126.0282125,92.4879028,54.33929591,24.77823155,71.29352027,81.83442193,23.56757428,23.54555404,32.32590146,17.18963137,99.50066827,86.13568171,82.08996049,92.8789923,10.43507771,7.856656613,10.56734093,7.187417611,17.24941185,12.50562898,7.25870614,8.565015877
snapshot57.bin,139.7276066,214.5427568,50.58201273,19.66364922,114.0676068,94.63112812,55.94915166,27.24637671,85.72946765,91.32939057,20.41448913,23.22483976,34.83428897,15.81425584,104.5472437,88.24566589,77.28884635,94.86887921,7.190628094,7.201489407,8.171522363,10.81514796,17.42521388,9.867470359,8.04033168,9.421274514
snapshot58.bin,166.5754493,278.3879177,51.21032648,20.89382833,110.5699158,85.04390596,56.69252818,27.14111695,72.81631595,85.44227998,22.7133763,24.76138864,35.39758754,18.90151925,94.97370525,81.40229215,81.62774929,88.3933457,7.49334437,8.347716465,8.34819197,7.73206154,17.71633871,12.56841473,7.808928871,7.19117604
snapshot59.bin,180.9595249,334.7935787,52.83721017,19.96946114,110.4922737,81.05064621,56.50582829,26.70190343,88.72659717,88.15421721,23.54394445,22.63549526,31.16496461,19.72664476,104.816978,89.71420575,79.34853467,93.69569992,11.9029382,7.522203465,9.849760868,9.927249267,18.15381121,11.51549294,9.303328294,9.554531364
snapshot60.bin,137.5177382,121.4405189,46.41918401,16.69628411,129.0997712,81.57103355,55.60638167,24.41601888,76.32843079,88.84936973,21.12185915,22.40145145,35.76407443,15.35525147,98.4617159,95.24522806,78.51356281,96.48054982,9.245592779,9.773357131,10.10059645,10.49827872,17.62275491,9.697469748,7.329742732,9.793092664
snapshot61.bin,89.83985856,279.2115163,50.29500067,20.23782199,129.0337795,88.61338824,52.66293013,27.77304159,89.00820344,79.99294748,23.33945169,21.25029006,37.98403639,17.02469938,97.72386929,98.57669323,86.89626366,92.23979098,9.4173376,8.775110015,8.920833979,10.19448308,16.60267947,9.29479368,7.177038901,8.486033321
snapshot62.bin,161.233204,152.0719132,47.49049243,19.76567145,108.5895896,82.95274264,54.78636315,27.80141134,77.46820298,87.29449889,20.39299019,21.026685,34.0226516,19.51583061,86.31679635,82.28804737,77.02458814,97.44632809,11.66911379,7.263806505,10.57198029,8.292952988,17.88593297,9.607234061,7.270208663,7.856734648
snapshot63.bin,169.1984121,262.1568276,49.08399982,17.36287827,107.6418442,94.15871946,51.25348555,24.39340547,83.73597837,93.69446543,21.26079319,19.39457053,36.03103517,19.39609497,90.36929774,85.52063587,78.78643567,100.3857594,12.54064892,6.799926537,10.86536526,9.082338844,17.1647864,10.44813069,7.226238867,7.662987641
snapshot64.bin,191.6429278,218.2516653,46.49736605,19.28539933,118.6843259,84.71964267,51.38663616,26.78274976,88.48878085,87.10793114,22.8121407,24.19553598,33.80818264,15.07901312,104.9229621,94.79923726,88.73082323,93.61271061,10.02465723,9.121289817,7.63818602,7.143262796,16.67238695,11.59905434,9.027811521,9.042472283
snapshot65.bin,205.4909767,324.0427812,51.9199433,18.21968153,125.6039786,84.2581076,56.16189259,25.17003285,79.54356216,90.41642515,20.37909948,22.54627598,34.76633389,16.41282504,100.8458194,92.24187536,75.4900433,91.48480734,11.59282522,8.340172893,9.576768675,10.91302621,16.96175821,10.61228099,9.782627487,9.213119901
snapshot66.bin,172.659678,146.2014346,49.00531035,20.31626505,107.1348743,96.26260352,52.85940829,25.84885396,73.76332538,87.63125349,24.90019187,20.99636371,33.49253428,17.7543365,90.5750758,103.2362587,89.13537462,81.02957454,8.161419522,8.873459211,7.359370994,9.173556649,16.6676506,9.429262363,8.435203739,8.660512632
snapshot67.bin,112.8894433,163.4360332,51.90022133,17.54989057,116.6242263,87.95473171,56.94585269,27.72576151,81.99336341,89.85482844,21.30451613,23.80491764,38.50196415,16.12605752,99.89446936,85.45429005,79.65385051,86.55064264,7.985478459,9.983539548,8.585348093,7.560631622,18.11639093,8.732126888,7.278907137,8.580347075
snapshot68.bin,111.6160841,237.8221463,51.22382654,19.26754062,126.3175948,82.30599407,53.39072717,26.83484179,82.67559005,94.37042072,21.54088283,22.02268794,32.52699554,16.65570085,94.48198651,101.5812444,76.44640031,92.32356063,7.213871714,7.384151494,8.185364967,10.66855221,18.43365816,11.62245246,8.509846364,7.330981407
snapshot69.bin,226.9747523,297.3443048,53.85054418,18.84138414,114.6290232,95.50292764,56.24002121,27.61543076,81.22744639,76.12855364,23.35322253,20.8378828,34.71420334,18.05909504,85.17106613,94.9841809,81.12509063,96.14745077,7.70642627,7.527605616,8.052344674,7.547966454,18.73162247,12.22529431,9.662599015,8.986279488
snapshot70.bin,149.020135,106.47147,53.01420217,19.98956138,117.0569928,98.74118625,51.49412711,26.11072051,88.57721811,75.67810054,21.32932758,24.11474251,34.43547107,15.37332275,91.10853399,93.36204676,79.00317209,102.0396197,12.82427352,9.823783614,7.352870691,8.055920256,17.53415897,10.62384908,8.614092743,8.099313713
snapshot71.bin,87.53769599,281.5059069,47.50872979,20.10672074,105.7630226,83.65447621,53.69025213,24.15954449,78.05267169,87.99762793,22.94368815,22.43013252,35.42345975,19.26601389,83.98165135,92.17084644,82.92673669,94.27766907,12.74915707,7.483457814,8.74034584,7.750364768,18.99771353,11.09162364,8.07704863,7.305709781
snapshot72.bin,212.6171245,196.5431364,50.67804269,20.75363432,126.5621775,96.35905901,56.84941483,26.77929319,81.12305102,92.95148834,22.47878304,22.11103717,33.38935825,18.44264494,81.17004495,81.54121758,75.7775146,102.5606474,12.41573897,7.405707478,8.387650006,10.83008635,16.81180493,11.06821152,9.534825285,8.03005622
snapshot73.bin,98.10740348,114.9741069,50.74077517,19.04683957,118.1883838,83.88700194,55.02947747,26.61935304,87.55058755,79.93675363,20.14721033,23.5724235,38.93604154,18.56918552,96.50911969,81.07001462,83.02314258,89.69074166,9.259017039,7.614557203,9.300443467,10.32051148,17.61904368,12.83307402,9.221971401,9.516440147
snapshot74.bin,224.2920474,202.3286627,46.46465711,18.04815258,127.1746633,80.8045652,52.1617448,26.04295242,87.22220006,77.14353582,21.07717446,24.59121662,32.65741109,17.88579887,102.3467783,81.99661866,80.94514741,99.07958746,11.30238793,8.707701369,8.226223267,9.644235209,17.0078326,9.033000642,8.646984133,8.924553743
snapshot75.bin,136.3369328,288.4602388,53.29031775,19.09716753,118.6386523,86.22155987,51.39169986,27.37569287,79.00119125,90.1721422,20.18185867,20.69694715,32.6518301,15.13160546,84.33117375,86.31735348,81.48004766,90.97227768,9.516468088,8.887265726,7.098818233,9.488558555,16.52696236,9.359099447,8.233814164,9.236667703
snapshot76.bin,86.36222379,179.2041628,52.09488349,17.55783541,105.1599775,97.0659232,54.64806323,26.4777695,85.91118765,84.51109393,22.4354307,23.82986195,34.73571152,17.7261826,87.48634979,84.39870558,85.44509441,104.8920826,11.64336314,8.978389067,7.968295768,7.096719518,18.92786533,9.627759494,7.596495899,7.551581604
snapshot77.bin,182.1586454,215.5358596,53.94824528,20.95936368,105.4738836,95.53408195,54.6954155,24.9412477,77.05078493,84.42711968,23.24666699,19.93329854,38.75329081,15.4002804,104.8524221,86.17635003,82.9442594,94.83905365,8.608395887,7.815819288,7.035592461,9.998180843,18.48037663,11.33782491,8.99219247,8.566676631
snapshot78.bin,111.890581,255.1260492,49.81131448,20.64719123,116.4276782,88.74898426,52.8751435,26.58449865,75.99377385,75.49656858,23.0517856,19.02515216,32.14167756,18.05256308,99.62580047,81.56395096,89.4394042,91.26123945,7.887486804,9.565427078,10.47986722,8.400241342,18.3888537,8.825331006,7.501720055,9.288507312
snapshot79.bin,149.102655,237.7728102,52.16443399,19.89663838,128.597759,83.46884726,52.45673339,27.57137181,85.10477903,90.32301294,24.49341245,20.64944296,34.69597513,15.83901348,91.26813132,98.93943991,89.56109708,97.54034075,11.60555205,6.506295144,7.016952919,9.820961259,17.84117707,12.69844919,8.837768031,7.635324997
snapshot80.bin,144.9019648,244.3032554,47.69250592,20.42174774,109.2133621,86.19120826,56.88978565,26.80525321,87.95756624,81.68830035,20.34678263,21.78279679,31.65313087,18.25694011,97.37145255,103.5787552,87.9389137,92.34520642,12.40009069,9.957569344,9.167087509,8.995507536,17.48907367,10.75210484,7.868930306,8.718509461
snapshot81.bin,91.9462422,234.7037333,51.3877785,19.1999427,117.4520743,90.83462049,56.91415387,26.86189286,88.05606919,82.14647217,23.639724,19.56656678,38.28983889,18.47716697,85.24643531,89.96022927,78.06869351,86.8558528,10.75219893,6.489119006,10.94236816,9.812197933,18.80384937,12.29525669,9.0686188,8.554049346
snapshot82.bin,209.2062327,178.9405029,51.640666,17.7462972,113.2821787,90.86566974,53.87688396,24.80383678,82.05110919,79.21868911,23.47666514,22.9688127,34.02842447,18.44747364,103.6983632,93.05932216,84.96278272,94.39092103,12.0852973,6.794789216,10.85817523,7.945368084,18.30249905,9.089311329,7.82643369,9.813402879
snapshot83.bin,215.1048919,330.2359351,46.31406061,19.99559975,116.378309,91.40858808,56.41452715,27.6194762,76.23133071,80.86000886,22.39516619,23.37308107,31.09697354,16.86237351,101.1670959,94.57299604,75.29152622,86.9394215,10.12528885,9.603675593,9.037855799,7.739456223,18.23933219,12.32058678,7.684879427,8.392830054
snapshot84.bin,199.7334102,328.5862799,53.92734407,17.52744952,121.6478971,98.94318324,54.64257235,25.913899,83.6769673,90.25286202,20.38529713,19.44739116,35.15301819,15.08834002,102.9745336,91.1161142,82.5461765,102.3977265,9.481822351,9.508369144,7.46287491,9.55288122,17.61177262,10.15410286,9.003461968,9.295355814
snapshot85.bin,90.94758609,145.6454311,48.24804801,16.80151422,111.3791101,80.00550158,51.79158963,26.55912121,76.82332741,86.97313478,22.35260229,21.95307331,33.28283188,19.56302028,102.6424786,87.55581935,86.35657994,104.8644827,11.1450203,7.66837631,7.155425596,10.39756697,18.70120575,10.57270042,9.984564305,9.173164976
snapshot86.bin,168.9092188,97.83566154,49.26781447,19.75930025,124.4620719,80.71672151,55.78150967,25.66080476,71.47907707,75.16399722,21.82325926,24.85170204,37.63178035,17.13255951,88.64662195,89.99465786,88.58541446,95.05591,9.188304815,8.605427364,9.763944201,9.532734102,17.49361442,8.700477359,9.271492773,7.848369333
snapshot87.bin,104.4357549,328.8642558,48.9590919,19.74664382,108.5481003,94.37476775,51.99103098,27.63885404,78.79079074,81.29689702,22.2190998,22.98488345,34.31457178,19.10231383,100.8792864,96.76885081,87.21488761,97.40125711,9.237511277,9.937194327,7.528568798,10.56665161,18.45660155,8.747456482,8.42891796,9.886413378
snapshot88.bin,221.0773726,173.1255489,52.04186266,16.71886416,112.0803004,86.92772412,54.10742378,25.84742673,82.49497978,82.40901787,22.74873226,24.31081641,32.23256868,16.30537528,85.17842537,104.0154622,86.40157128,98.59215784,9.05401187,6.742909654,7.102659704,9.253413106,17.84365071,11.5548643,8.041860449,9.954287305
snapshot89.bin,203.0370077,220.9399188,46.96874854,19.94421936,119.0255779,91.35404164,55.98543495,27.71083846,78.24240793,89.2194356,21.58562512,20.91125376,33.65804443,18.73236431,89.04774322,82.46011473,75.65808607,90.32637432,11.78492994,9.71741869,8.29594199,10.9428665,17.57795648,9.678738313,7.905874065,9.16574019
snapshot90.bin,214.6279122,259.4870611,49.66567378,18.99249095,105.0483809,84.31834809,53.60442776,24.96985821,81.64592025,81.34045933,20.83802311,23.76970777,33.05484176,15.04172677,98.44832035,94.7238069,80.61661168,84.29424901,11.24588593,8.507002414,9.954132569,8.880290744,16.67942421,11.98944911,9.694140216,7.151088624
snapshot91.bin,169.7355811,123.6548081,51.59688516,18.48432617,119.7212479,98.931,56.35750498,27.20670627,70.68815641,77.64275657,24.93885734,21.54182294,34.39778187,16.22856831,90.90099629,86.62189139,80.67285862,88.73135356,11.77966536,8.222129697,10.19351068,10.04530905,17.45401913,10.98310771,9.454557437,8.465888709
snapshot92.bin,178.2952835,90.60620669,53.91359397,19.42070259,124.5350017,92.59742641,54.57115787,26.05379135,84.76472349,78.95318177,24.64532185,23.63532133,36.99931056,19.02782,99.65397174,80.97029764,88.31516265,89.00056159,11.08034727,6.26664444,9.562242476,8.654074762,18.36362893,11.66491729,7.976848967,9.609896543
snapshot93.bin,153.1009396,201.2897673,52.56904693,19.5898289,124.9398312,96.18173871,54.55301818,27.70504677,88.44218616,91.23984566,20.24782122,21.17866315,33.16222229,18.1282403,95.2109851,83.88452053,80.59704527,89.62544529,9.364873843,6.141718055,9.956013147,7.598635177,16.54902969,12.02966042,9.327955359,8.732382516
snapshot94.bin,179.0160553,169.7999398,46.47422969,20.533484,115.7505141,84.79276845,56.64772755,27.58728203,81.44992538,75.59735997,23.1660201,21.98312815,31.45488583,18.71978979,82.05626986,82.5271692,86.52202426,83.21616491,11.7116261,8.098042812,10.50000423,8.846986457,17.33302754,10.48534421,7.989795858,8.592157613
snapshot95.bin,162.7920089,170.8582216,47.59878411,20.53827899,125.2459792,83.10855873,53.53593654,27.4289658,88.55012847,83.54352203,24.58824079,21.67357026,31.51470013,15.48653153,99.45180636,89.42323613,78.26124125,92.61165023,8.380947134,7.089663646,7.953476775,9.546807789,17.38755302,9.135306981,9.213643859,9.634984968
snapshot96.bin,228.5915656,87.1661447,47.39508097,18.02679558,115.912962,83.79645223,56.59308158,24.90701367,82.98795195,79.6862948,22.58992647,20.49927659,32.55872838,19.40428732,97.03806181,88.9776082,86.17278262,94.25267601,8.282458861,6.663675171,7.266739869,8.259553009,17.29150992,9.902935175,9.257985791,8.144331052
snapshot97.bin,182.4646788,162.8513998,47.42047409,17.4066284,123.5673969,89.41942353,54.20468684,26.87885952,81.02401144,75.25931955,21.57134467,23.56195513,31.12609304,19.87694212,98.71187156,101.8617076,82.30650103,96.88817633,7.072517354,7.630296575,8.793030851,8.142640124,16.95841421,9.971954252,8.603230096,9.169906911
snapshot98.bin,137.9726823,295.8122515,53.41453473,17.18430285,111.7648104,83.38365929,55.91222007,25.83137127,89.27145069,83.38349651,21.27539598,22.28610621,34.74636768,19.17766744,89.93086105,92.665469,83.11939552,86.64578075,8.841182067,7.509463899,7.382279772,9.190342181,18.39595847,12.92640093,7.175881428,7.807476936
snapshot99.bin,193.0537434,176.7646602,51.23776709,18.5363974,126.294954,84.47091708,54.46159107,27.7975824,84.58329521,90.65839633,23.23541574,20.52741956,36.86004429,16.71857464,83.9016158,84.04407925,80.11104622,95.17187828,10.25610858,6.88781609,10.64882839,7.048485448,17.44984489,11.67241692,8.219634037,9.672012956
snapshot100.bin,155.2292611,168.3269206,53.85815202,18.94602879,123.1603281,89.26897359,51.80510411,25.05733425,72.26356433,94.26894399,22.73975202,21.64982289,36.45379426,15.50895945,93.10963387,96.06925363,76.66838388,83.74234544,8.227276353,6.19695278,10.09053305,7.034202291,16.87002696,9.647136739,7.046773917,8.320252498
