snapshot,epiglotis_mean_Pa,epiglotis_max_Pa,epiglotis_min_Pa,glotis_mean_Pa,glotis_max_Pa,glotis_min_Pa,larynx_mean_Pa,larynx_max_Pa,larynx_min_Pa,mouth_region_mean_Pa,mouth_region_max_Pa,mouth_region_min_Pa,upper_trachea_bottom_mean_Pa,upper_trachea_bottom_max_Pa,upper_trachea_bottom_min_Pa,upper_trachea_middle_mean_Pa,upper_trachea_middle_max_Pa,upper_trachea_middle_min_Pa,upper_trachea_top_mean_Pa,upper_trachea_top_max_Pa,upper_trachea_top_min_Pa,gl_mean_Pa,gl_max_Pa,gl_min_Pa,gr_mean_Pa,gr_max_Pa,gr_min_Pa,glr_mean_Pa,glr_max_Pa,glr_min_Pa,grr_mean_Pa,grr_max_Pa,grr_min_Pa,global_mean_Pa,global_max_Pa,global_min_Pa
snapshot1,29.4615843401438,190.68518266107625,-130.58993594527624,3.41008322816924,65.70654454330936,-67.8563425538895,42.47944556892718,165.1895114248467,-95.14921641972794,163.6878627453665,188.85918557737975,-43.81729939091625,2.9785732744827667,13.183899143215701,-15.722600680099657,12.173295052022306,27.868352583715744,-2.4864201591953643,11.044410579716317,57.23433222197356,-68.64148445277047,-1.9596776469754837,12.72336473043996,-11.833168686447095,7.816808233389309,29.608189656096915,-21.1096557469401,0.31516423260124443,5.809692722985218,-7.139492437942162,-1.4138916842501765,16.04088720472123,-12.367587877382704,29.787810533653857,190.68518266107625,-130.58993594527624
snapshot2,9.634329070246823,184.92536061351353,-133.86853428351657,-13.26403024089057,15.989882329912568,-70.97616393718938,19.535846630585723,171.05698782510353,-117.23572826357075,156.18717926858662,181.27631405842325,-61.91871203006662,3.941991462168031,10.154233947673765,-7.820836556238726,5.061962729683928,11.101864780700394,0.135498313599329,3.4724398886668646,38.147792462841174,-36.84231585336216,1.7538121384012881,10.96892997767291,-2.5630155445420346,7.703710932572849,21.318968854889025,-6.234657641532091,3.6400419122339023,7.682979531294557,-1.9432049978293382,2.030116298632685,8.739103442350967,-1.7027398542401548,26.326316211169008,184.92536061351353,-133.86853428351657
snapshot3,9.016279083876338,19.817940575282147,-1.2682863037376775,1.4094378064149864,7.623207803243208,-2.7239871761882766,8.982357208808917,17.61998020750035,-4.2173403145653765,16.458677599663496,19.230076576663137,4.192006947766874,1.6401778579263169,3.195246086202584,-1.1904058747696906,2.808201090290325,3.690956030521563,1.928582606864023,2.6157520363135665,6.898105815493895,-1.4204557117536867,0.2706502623134194,2.6723961215447183,-1.3213475340957972,2.322246004870498,4.440553872715241,0.7287446222851147,0.6431604450346551,1.5811227257890683,-0.5143010089363178,0.7025574600397293,1.714408723254879,-0.49773202015325374,4.012975279797993,20.001831228997947,-23.729856409648054
snapshot4,25.534229061120598,160.22651171472697,-86.62774852162127,-12.749935230860983,39.080573248683905,-77.19937822754197,31.201370070444675,155.66217811912537,-77.03395374092418,128.5106583554779,154.1064294640294,-37.34094847206328,2.76699343175599,15.095557861063753,-25.897887476925835,6.538502107449718,25.453768500063298,-3.2238708624213728,7.059425519904293,49.00217881366829,-51.91786585667508,1.398842233012484,13.938670257144066,-5.576910290927298,7.564255497755705,28.960377009060377,-23.706426854285326,2.189693275717459,8.064296908733969,-6.07231768133358,0.3766941614554597,17.615043022956083,-9.531593493562013,23.87866694930213,160.22651171472697,-86.62774852162127
snapshot5,32.27713364345895,139.63234895243514,-72.217171040095,-23.266079740358617,32.72147210351061,-60.24142389713658,35.922809033175504,126.42740262573687,-79.54802966091584,110.90976751043371,133.04705090689222,-18.099445351630674,2.5691522257435326,11.51339734095105,-15.72341923150546,6.009729930328285,10.924848425808243,1.1235329025888734,1.4745298762134014,31.767292188449154,-48.993229183369046,0.9614244424338108,15.071712605339272,-6.0570831451252385,6.838635481395216,23.478045613861763,-9.715008177462114,3.1064525203694875,9.240835973695843,-7.2608036370488085,-0.6348454844314684,13.79257151539924,-9.0107916402902,21.3299837368518,139.63234895243514,-79.54802966091584
snapshot6,52.198581828884954,111.34528838297133,-21.508710918633447,2.6545379796173085,40.9897406695954,-27.81073685933894,50.99866234292179,99.08159597999276,-39.696204899515536,85.34017082421569,102.09169086339016,22.00775587554305,2.264859629416859,14.605533462086893,-18.064669652647243,7.63730573492124,15.115344027451522,0.6273411591805854,10.042243275003143,48.63384525616542,-16.068766194819574,-0.36319149991806415,17.25868675711457,-9.90124974772635,7.9223815437708565,26.734564395309953,-6.291715937417421,1.7575810848197762,9.160951115042614,-9.868757009924625,-0.09196275059307524,10.696579000741702,-7.006878961760342,19.991871584156026,111.34528838297133,-39.696204899515536
snapshot7,62.62900940046248,89.03975896977907,33.41196318674314,-25.79120577278299,44.465010558654264,-65.04112828062026,58.74844489043709,84.60454902519164,-52.855756978019464,75.85340669981375,83.45195704471396,47.63275571745323,1.6668875146962712,8.503295989556596,-5.25578557866356,1.4121477925986654,6.858913590659059,-1.7837506544581003,-15.981279695791132,9.536428285552814,-64.69389148302572,-0.029100991164403976,7.542703115339984,-5.0008476970070905,5.418451744441132,17.083933722445426,-3.595245035901168,0.8837791189905453,3.4882547084885793,-2.4448580565972415,0.40822719023334236,5.173111657478757,-1.852736396780934,16.631713973946635,89.03975896977907,-65.04112828062026
snapshot8,7.655290232409862,127.46563379002424,-86.5586965082941,-4.481105296961848,15.643615642606672,-25.88599640585164,15.187858559204878,118.32615383766725,-52.87437246347139,109.12861805127079,125.84179050265105,-38.20911100919353,3.2237262182969033,8.221952472555703,-4.968065421811481,6.011502169897053,10.133540752655488,2.600563179019192,5.298867851325538,19.91448762654242,-21.97072134808164,0.9925415324303065,9.478427010414396,-2.8714629850947873,4.541404131471126,14.250023249673733,-4.844864872506903,2.100343149550911,5.013572327516015,-1.5766258081398576,0.18868933446735822,6.486186524458661,-3.4059781398603275,18.69603336382582,127.46563379002424,-86.5586965082941
snapshot9,4.216269592911557,25.38333391081195,-11.888181280242076,-2.017557634010268,2.2252699245318355,-6.994002009917305,4.485111658225353,21.587794892835614,-12.467462459949529,22.96574493135366,25.447350919634392,-2.1624049401342607,0.7411767947970084,1.5663631540170988,-0.4772514922912978,1.0662944421809182,1.723123969718583,0.8306726512558771,0.4952861886687164,1.84247909065624,-4.657614354947138,0.3126524459789631,1.0383664039049778,-0.03728835813090149,1.0281938601385983,2.0130553723743527,0.19900515132013474,0.42369226181307773,0.6445243583118635,0.188021960127645,0.407236140686567,0.8610942349380655,0.09900711032215533,4.0147857062101515,25.447350919634392,-12.467462459949529
snapshot10,15.421854472354063,105.74996973471247,-57.29145834861712,-23.378567788269567,12.732097309798418,-51.15272803041466,19.256254693170945,100.80230459807963,-71.86835030661668,88.6943906077257,103.32747907184945,-22.559496933039583,1.7559829449343753,6.484599861907864,-6.464098868151111,2.440973153911413,6.95677138788437,-0.21218023154560667,-2.4595967061364243,14.714354691260109,-33.76209229129626,1.0535052985967215,10.221085402835929,-3.592848406127491,4.531315545283963,14.959879809482441,-2.706171902004361,1.9549870955756095,5.940992612264634,-3.7189870232907816,1.0342975301398176,4.759934742122919,-1.4000173327953966,15.462078344830207,105.74996973471247,-71.86835030661668
snapshot11,36.2462339744024,90.86669030544986,-27.535756993210363,-32.248775316391736,16.06131619031108,-51.75370020062415,34.309921327826444,84.64987979256594,-67.78356559133312,69.53732158331485,83.36343248631434,4.71843241497102,1.9744066224713117,7.667537806134926,-8.298789384848899,2.6749886613643223,6.959634956919515,-1.2584533082267724,-4.734173695839641,7.288202465679422,-40.210788253894634,1.3021962132596512,9.520343559728776,-2.172161482604516,5.926704314032319,17.0633606023854,-5.873523327002623,3.2130348153216506,6.126543371622277,-2.498510472291933,2.1861338532771044,12.298049181835665,-3.2344759645964456,14.584614927786747,90.86669030544986,-67.78356559133312
snapshot12,48.8757637098057,142.34719479444868,-63.241706591676035,12.894993412147594,50.4993096861227,-30.722776066948946,51.88358787818161,120.00931568960067,-42.11933643688038,115.19716353688835,136.1752866326766,3.6473406211756636,1.6718128591354304,20.0390323284741,-25.730045469534456,11.41862971776721,19.558679285446413,2.0855487050102415,16.859350147802676,58.46779174882924,-28.56208714024058,-2.2685650288645496,16.92960128174698,-16.13146377338468,7.415277773086618,24.94205416841018,-8.598591908497854,-0.042149450971039115,13.257097943094962,-16.0220855593904,-2.3905855781373124,11.197168679321917,-9.49678964389261,24.752595626870864,200.0737872063435,-266.64552838529943
snapshot13,36.99495532257,79.64070014671455,-12.289474354465376,-11.130611723540449,24.08716880319685,-27.669899919890227,35.10252810286475,75.72777195362062,-42.508614973338545,60.07820956457497,72.4649360384104,7.108082961179482,2.6445288013221324,8.094509751938403,-7.68953290152261,4.469182572464869,11.309230511567542,-0.3923419062054955,2.8615368277522233,16.869739199367665,-19.960761287823782,1.4976633534523995,11.679167320066894,-2.2246540557338443,5.8922734013712095,22.197642986383638,-7.556070919287305,2.5337916076980274,6.878605858988005,-3.2681239527031996,0.8020290453379734,10.575690242897085,-4.297230693175507,13.889176578704138,189.67363274070775,-123.04426433752309
snapshot14,51.694384095383754,94.01834680347001,0.23043303767746426,20.87479445606192,46.81056643552405,-9.588498580410976,51.80653667430584,87.28269266597684,-11.426726752400707,75.17969931806824,87.55924347202338,30.654838864499144,2.296681322091016,16.221435146284936,-21.53929723982473,10.21529791131952,21.470625026934208,2.576344317235323,16.69457393040349,48.87341698670625,-8.058859552194045,-1.512846491252823,13.629778887418755,-10.11862960330971,7.386360795310197,23.995913977016528,-12.267601912208931,0.13198688190045113,4.870916067003199,-8.694659734768377,-0.5713049548284184,11.703685046716574,-7.489888222169385,18.73015335330839,94.01834680347001,-27.68314375778652
snapshot15,24.91192371061427,66.15300986155184,-11.322372038949231,-10.188701269999049,22.927763149784003,-32.842461705024014,24.036262635833477,59.50060715086337,-40.64422095200817,57.758166376035554,64.97161288089555,4.766009030630014,2.006113507909118,7.1415185140445265,-7.118765274479102,3.9338148378781947,5.8385896296729145,1.601113820827391,-2.576477758644064,17.678731460138863,-28.324876663542927,-0.14242278529715033,5.602836098560725,-4.169060277467522,2.5832479035851517,6.1962194553495245,0.0747784387028895,0.447646441949938,2.247255520726876,-2.9567386480592646,0.580952143559314,2.5150287871531005,-1.5133289823022897,11.11570753548916,88.03131777142713,-67.85291516371976
snapshot16,3.7558147257176793,7.527968785527336,0.10068791235519485,1.5371335451513242,2.8081199340850262,0.5215028685763733,3.68232986621074,6.421665407559718,-0.31653657214091907,5.393750223589486,6.770445545431459,2.1244704327501993,0.9476984919892286,1.6209838635383098,-0.29381451081784177,1.3113291656447743,1.8169960526401336,1.0832036141183747,1.6572273238646256,2.8163016829646987,0.8294228883555496,0.4294915608046621,1.477504612125797,-0.08350333606807805,1.245213828007707,2.4109156106350764,0.5585605907397082,0.6547585980994427,1.1363372480859217,0.1967336233242917,0.6302198472554718,0.922923096963744,-3.396986514234081,1.6318977033837008,318.3532341516353,-227.99132744245213
snapshot17,10.198215664813501,19.043912349224453,-0.14029327655737853,-2.595653464560708,6.19036707657536,-6.2356293522387976,9.512634746376087,17.1093618074764,-9.228541294312704,14.441548761623576,17.54925750661862,5.646472084798818,1.3108133973663867,2.4162983985019753,-0.7926233239396161,1.590454433396345,2.4474120405361504,1.026361641706153,0.786023605561123,3.842557073710906,-3.885660475118815,0.6276454435250715,3.0551077227263015,-0.5541719404302945,2.0758028420299746,5.499561598116269,0.02875557431296818,1.1129826220297225,2.213331277862406,-0.19455357710142968,0.5142838023807621,1.563006122244383,-0.09521113846098449,3.6982170863903887,19.043912349224453,-9.228541294312704
snapshot18,1.7728024609570967,4.356200030008073,-0.9813710811482288,-0.24870424569884392,0.9762625193262485,-0.7965921150600239,1.6883976054737357,2.8909427009118165,-0.9668718308488398,2.6485926801710122,3.3075956493075434,1.0656459572244927,0.3949104615701209,0.526162760129655,0.1479987918323456,0.4316861208901964,0.5450294423519011,0.36759174156149765,0.26561003750647394,0.5626127752297524,-0.48742017910491964,0.23816193960987248,0.5726743046581133,0.05655874284694036,0.5249914801301112,1.0158062023050856,0.24035875559703457,0.2888153741106059,0.41729955665564283,0.15512643961161748,0.2019725477302765,0.36007406597945024,0.09004457303233245,0.7421735375252424,236.85864510666576,-104.24628464216745
snapshot19,-2.887489300547862,121.10229455893932,-94.37372597493322,-10.156391029365361,4.3096226698632,-23.220925287778233,5.294874002676974,112.6983938714529,-63.56549739463788,109.59176649157709,121.12042154917582,-37.11743096659898,0.9211543915653617,2.9298062738048,-2.578962036549675,1.4349132721570381,4.315861638709774,0.46454954627164113,-0.4718316212488085,8.82525721681701,-15.923603960886897,0.4718195445428001,3.127502009401872,-1.1832061710631967,2.4379959833016436,5.8970714333948875,-0.07230774351105987,1.4621738457632418,2.730022861521724,-0.20943363103203677,0.8214137625346843,2.3936658792544416,0.04203069915596942,16.575952703654046,451.2908521365148,-344.8631644627321
snapshot20,20.59768412491921,45.59306948495695,-2.8326683688745242,-0.7618910689183404,16.99722424600167,-13.482739018357414,20.813525623432007,40.652540680313045,-14.438808139863754,37.89832800962457,43.86620283184778,9.511594016528132,2.402368406936501,6.342848580684344,-4.930931668812792,4.895236760620262,6.84436224023134,2.4302004644378856,2.6933263874166546,18.5084703258045,-9.66695725582117,0.5685270958505723,7.2740037176922865,-3.427199556022684,3.3475020477490585,8.88319032644426,-1.0189626024053717,1.3665957640337114,4.122084372275458,-2.0814965565415386,0.2572775524280457,2.3432199221839363,-1.308982987831111,8.614302538442686,45.59306948495695,-14.438808139863754
snapshot21,29.114449322087737,50.46670616763347,5.1506757689683615,-18.018736166484036,16.522093031180038,-29.48527769651389,26.561851520787073,46.213942248592275,-38.14393458826681,39.15680285137042,45.865786498112215,17.458328524366536,2.132748060900753,5.0797920163596295,-1.5414894136486994,1.7984443704087012,4.111639090667958,0.46412363485227437,-3.5794704631996908,6.123022357767261,-21.661240184729188,0.8734274100533389,5.827897557671942,-1.7933689236253776,4.150167278430286,10.943087001636467,-1.19069456575152,1.8907643980784707,4.10692607027419,-0.7781345301405309,0.7834903114032488,4.949544441513887,-1.4229884907203594,9.081752528406602,50.46670616763347,-38.14393458826681
snapshot22,41.54886693751581,95.95891025472747,-23.079851709245983,-33.7696566727171,17.97081613393472,-54.917491278105906,39.11247318398332,90.4525878972769,-73.01957359379243,73.44793809741756,87.5735552520015,9.463700890380904,1.8338108231477113,8.153921353254741,-9.345488169165186,2.801340391085352,7.5952927433056,-1.9211379898542085,-4.569139611574617,8.336778680827896,-41.756233286200654,1.246464929386268,11.581242513631636,-2.7443522106683926,5.870147013701095,17.868481302462868,-6.780781047868968,3.6293541448028717,7.164059069156137,-2.6369513529003217,1.3731348542763462,10.690910048542257,-3.5415017377096882,15.695374041206684,2414.238430557793,-1545.5320323427688
snapshot23,43.828353215463174,170.55908345095412,-51.48922018869894,-21.514478142358172,51.351378881761775,-73.94082819239715,47.83992028448036,161.59612136377092,-94.28405832724418,147.47875234251964,167.7765750438431,-5.361683983585491,4.1379448830102055,18.47066700888492,-15.974435270078033,8.33845780673757,15.328000338344896,0.35944952769008937,0.4976571350742612,51.7543116521025,-56.0451776914624,-0.8383031809034003,15.432056344402065,-10.873175719847048,8.231395183443132,23.788614842743925,-3.758543761005349,1.3515470404554546,8.969597458813526,-9.404367317259448,0.4447077912386078,6.753388334903982,-3.4439662796294352,27.37591406118192,170.55908345095412,-94.28405832724418
snapshot24,1.820478468219893,5.719594241652731,-1.9936372912416538,-0.4709847152945587,1.257204547673404,-1.4148273558824724,1.894594653013094,4.643704909678628,-2.301171605159563,4.671694670858813,5.66977541818934,0.1773038777277275,0.48830110558174444,0.6885579390637021,0.036416636540689336,0.5888590086298817,0.7092190430698317,0.5153251940496583,0.4501478691624762,1.5119691079344408,-1.2399859490286318,0.2380654201176149,0.5970996227490764,0.009649017553821446,0.580196577965601,0.9811753898326411,0.263124698777476,0.3291050266064892,0.4880221227596581,0.17184821467058484,0.21734998859830926,0.4438577955027868,0.05314392873264405,1.0817864816814193,67.89720835896043,-26.965381613671276
snapshot25,31.13960284016963,93.83553402724716,-48.22326202321925,-14.395532654512062,16.136326031982225,-35.44440723475605,31.57504213114055,82.31174950891419,-48.0534355862968,67.55761142751878,84.15523272653785,1.707844961593704,3.041213908800687,9.911597737777786,-9.864133898026369,3.8916844407165896,7.122053454227773,0.8639802242578818,2.604818826669809,26.41907432707188,-24.269251953296056,1.7910995924737658,12.951366501774995,-3.617950872292171,7.172301976002606,21.329939108554903,-4.039399352041879,3.814893919717207,9.972456702547971,-4.173048716130572,1.2561564817852673,10.47385180311235,-3.78696381207728,15.105012883294753,93.83553402724716,-48.22326202321925
snapshot26,5.446597999322061,18.459895836913642,-8.142388887281644,-2.6752081119733666,3.2764495365951367,-6.135900456373436,5.702850347825145,15.209453844490955,-7.712995344449499,14.289320527955942,17.39311370517364,-0.31989175132890757,0.9782638292141601,1.7873082801762117,-0.05223830722925434,1.340616934032227,1.8302661579121031,0.9387632755129282,0.5584245719892357,2.8848670663877223,-4.3614165996023,0.4122109953994208,1.7752547528859717,-0.2928485236974479,1.6361909402363133,3.502622751502232,0.12548511599696752,0.7442328909276882,1.3220323661916926,0.000647518672498328,0.4338966880088489,1.2980167158160096,-0.10994752830551437,3.0949968600091182,38.6501085329016,-12.973415520194152
snapshot27,6.580450377655251,29.265593558598916,-12.895827607555844,-1.1001134514877413,5.755368602836728,-8.301279717343276,6.6103227956351205,25.567505903552398,-13.152875332946119,26.025268346472522,29.354715969604406,-2.445031268102763,1.1921373830924265,2.9354265031355125,-1.426355810834765,1.805444458429716,2.207718825458687,1.3179263047834726,1.3029204692957541,5.42731044070234,-6.14642602705003,0.480023213787571,2.292880930076107,-0.5875173909840643,1.361079208361006,3.439736151264981,0.2465709863159823,0.6120609732043764,1.2791118466854994,-0.43483818575655864,0.30277173738201907,0.8606841527662933,-0.08764566537881559,4.861446300406714,29.354715969604406,-13.152875332946119
snapshot28,26.629371025610354,57.78405811975937,-8.927077970699253,9.231708863390152,22.80217375961175,-7.895823097517971,27.63488244151558,52.219066988913035,-10.202361154865809,43.34414985010302,52.24017722981465,13.73293974760345,2.5552097720489004,9.341981288029302,-8.436236169413249,5.906067127518679,11.3581602252083,2.7293007704532903,9.52462171246962,26.11849209139202,-2.735426111480785,0.47096995039198053,10.093502464935732,-4.294375270847234,5.629819223451555,16.317258837274572,-2.753149046076702,1.250447594967221,5.469402852000608,-4.478861164799869,1.229985443624383,6.720270904048583,-1.708838640716696,11.075230118584615,453.29907475506553,-985.3429830981909
snapshot29,11.365549450999485,66.12895172954028,-49.31422471248782,-5.522570664091203,10.163011167085104,-29.508839705022893,13.980068795803119,53.354660497202744,-27.63665940054371,50.64475847412984,62.699419297032,-14.664044593509326,2.7776150063136225,6.149375893980509,-3.87455004707947,3.562111005324556,5.441495947837379,1.1969289312221902,2.770459241586781,17.848767447595744,-13.640144846623558,1.5073560239067114,7.02740250532065,-1.4315357051025057,4.824029794119167,11.453052172987695,-1.4640098879542764,2.7246863461533692,5.587801418837605,-0.8666362318081015,1.2769240966580184,4.730791239293844,-0.4696784976917434,10.249097826577913,66.12895172954028,-49.31422471248782
snapshot30,5.774363038275722,14.303127124285266,-4.239417699587,1.007688376662108,3.746246861944125,-1.579020072211111,5.823774448630393,12.49043016896389,-3.540144042878118,9.920252344372287,12.88716571965317,2.127737197602427,1.0463262624826677,1.7600748477950845,-0.5925387289346741,1.3339579908794954,1.9465810477217111,0.9262716665633716,2.0172398258688222,4.82279457965248,-0.4437067639119925,0.6066882945987303,2.312122551252028,-0.34227845836087384,1.7199769878959787,3.97423929340455,0.058045189334734286,1.117056443731929,2.187224640313507,0.06560834004646926,0.5049982858249261,1.6373256298277323,-0.14700072208910275,2.7278318210191284,14.303127124285266,-4.239417699587
snapshot31,21.2052710086619,100.7820073627803,-39.2119283429185,9.187046146427237,41.6277901951895,-19.767496614580153,25.504438066012707,96.67879435317464,-25.40695455323509,88.26449486148942,100.5369012208898,-10.152211500209411,3.945003363363208,10.127283526849148,-6.993921725814218,9.169994838055215,14.00655541630181,4.9211545360124695,11.492021280626913,29.421277720854828,-20.341388768673767,0.8395215049956287,11.335765918802318,-5.466867602783369,6.234434983741973,15.994818185251088,-0.37886834540886616,0.8055661656549079,4.878441793947894,-5.774889864649885,1.5642967715043221,6.3620256425122985,-2.889982735160349,17.37604325629903,2745.9452466149114,-3671.6416961974396
snapshot32,4.370535375346407,8.499332723704129,0.06356110819907439,1.0446564805163732,3.0721841296694032,-0.19899092651517541,4.27054307977702,7.445771454812049,-1.3910835343884322,6.479497591220003,7.948006691664328,2.631445133061232,1.5398245778682633,2.04751305625786,0.6964662681263062,1.7671582330683326,2.3062151657390424,1.5821636064077005,1.7951936375572224,3.0059337665926606,0.45392209692576385,1.6514127823400895,1.9113382542581807,1.350917919334425,1.267080260596128,2.762801347506802,-0.07799382683573264,0.38159813017966265,0.6521730392324662,-0.2630409646794878,0.398473205580532,1.3825122632528577,-0.25819087624532716,2.012335047888642,7024.053860729417,-2842.5223239916427
snapshot33,4.100744032311492,9.639576249793066,-1.7630973947649442,1.439586175588579,3.0279526740835827,-0.12365428042354426,4.17697214641128,8.226705346548997,-1.3233633521534383,6.894074046795266,8.784080011852408,1.8903816793788217,0.9846577591047543,1.5814604176691274,0.015521551630441171,1.325485907521632,1.9961353729065097,0.9808093679732531,1.7738104181723302,3.189928951669942,0.5275360111822929,0.6291233288826356,1.769386961428311,0.12234252280774913,1.2873696520161977,2.8295491732618014,0.25819056347040653,0.7540132674799657,1.3702268270955753,0.024023125018267984,0.38895278506778036,1.0843908190743046,-0.01685606535435523,1.9741176887930127,238.39879471792045,-101.44249471999228
snapshot34,3.261608290047757,26.33878441461611,-14.051209647889708,-0.5364215877746323,2.218666157503194,-4.568716123339609,4.296299233837816,23.179328923331987,-14.46371953640889,23.22932508217465,26.248299125497923,-3.547150431001506,0.9347358374877419,1.5964241579859475,-0.04492983381336444,1.3348834194533297,1.6905191509204116,0.8988987346871826,1.276431353529607,3.2120236934546322,-2.2246646396148484,0.3181616034711112,1.5060586560845772,-0.31913956195546994,1.2733302306152432,2.810087520751236,0.1360767400082371,0.6203256155447406,1.128188333472355,0.16461419780530406,0.27115587614288295,0.9536017071830277,-0.1584409130709524,4.18051948423909,26.33878441461611,-14.46371953640889
snapshot35,27.83613434330898,89.24071418777562,-23.55197597671502,-25.072689779451018,22.8909633830532,-47.698795165814445,28.788835873609802,81.43643240514591,-65.30179553793049,75.53809745665318,87.37054195918677,-0.009888982002409,2.3718551959254026,8.552702340567643,-8.586006389236546,3.7557536218103573,6.00258474050105,0.8105330554360266,-4.581910630591774,13.32720281282902,-31.85067565745225,-1.3079164826215552,7.101307642890884,-7.0821420235852175,5.923574475609558,14.735629455864276,-0.2409419374884207,1.6072115022993627,5.398486457704502,-4.007902922529694,1.4087149672449222,3.9285183172491234,-0.7862554302639239,14.417615247321708,89.24071418777562,-65.30179553793049
snapshot36,46.72955988414132,102.30093472181201,-21.777369630898086,-16.508354706016085,30.993223694172,-37.795050479501995,44.69378954327722,85.78515227444672,-53.03059571590998,77.05923155527373,93.4896379657617,20.192483749082633,1.8522287029333337,10.853477310619283,-14.673173101891967,4.415015784623811,11.93866072650489,-0.24578159210774397,2.456500163923624,26.384159478179086,-24.427913216977913,-0.6932077516501515,12.764816558747716,-9.882395435663343,9.267852550707316,25.779693619251073,-5.479856175340019,1.9449003560328653,8.664284198875748,-9.046236557020817,1.8552148464331009,9.701704340800646,-3.0917768141683886,17.672399453183957,102.30093472181201,-53.03059571590998
snapshot37,30.129815507174545,52.93013837579194,2.912771802584588,-25.178301002260223,16.73278794531285,-43.86139320274069,27.527847452401243,49.29497689868727,-47.597035224033355,43.07132061366055,49.59472933201559,17.76210003786136,1.4642851890225705,4.707378525320426,-4.150867475562943,1.2879515916738224,5.189419155195248,-0.5749819152703249,-6.7032625085686615,5.683641201811916,-29.16724417673205,0.7869561401305966,3.9643474983738773,-0.8797451527482152,3.560591636818368,9.106589151037078,-2.0402765933444496,1.8476015611556789,3.4793876434798743,0.32467010820858405,1.1553981312294208,5.253568988320443,-1.2962771679858112,9.34532095435533,52.93013837579194,-47.597035224033355
snapshot38,27.353145088077962,46.820713600041294,6.17246512975757,-12.463932091059752,18.80148260971286,-27.4449055046117,26.115037736833013,41.68156302939373,-26.47473392578403,40.260060859915605,45.00959164161975,18.142692278867425,1.8017989829882863,3.9646056028243173,-1.322176244375905,2.5656441439419835,5.374683497361415,0.704752585294762,-5.9456007877651516,9.773007591894094,-26.520490518333197,0.4636030591946975,4.003510540905853,-1.933617606107483,3.010853937967631,7.748262553856322,-1.6235500266796201,0.7727155185276557,2.2971627177747327,-0.4742239609978474,0.4405146167537153,4.16772110391795,-1.839458017969126,8.66082129538236,46.820713600041294,-27.4449055046117
snapshot39,24.356509475438052,212.56968503809782,-134.22873179808047,8.790101331844081,65.21722775670584,-60.08150474914409,33.930423982806786,198.96833792843339,-81.44732046049157,181.59633708628317,209.11014215174126,-53.01821807904616,2.45803021012556,13.632079245969829,-22.885374304009446,9.35395462140821,22.14174703529229,0.6369449961431466,14.63125315948371,63.50822589301954,-62.17254870087037,-1.2633130811293412,10.347156364801087,-9.818095351965889,6.5533769383515645,24.081916562298048,-19.452472685794326,0.8300745508751107,7.990125787409589,-6.1924594576829675,0.050961541230061996,13.068971457791335,-8.434319665971307,31.88503927752633,212.56968503809782,-134.22873179808047
snapshot40,2.3221975089535416,13.939538303688146,-7.906789062289184,1.100728031112656,2.932673130731532,-1.241861226825708,2.982733039923859,12.337246727509012,-5.012644087333869,11.794631579106134,13.864532351593263,-2.072546013018424,0.8254847286282876,1.3387867826204405,-0.06740140337806082,1.246989867436962,1.5671428329622237,1.0035936068799076,1.6407637354382396,2.935944300176539,-0.5467083053639608,0.34836898261079585,1.1208724125056977,-0.127036463799919,1.0269506694877801,2.157398471895196,0.3324041164270237,0.5618392732320794,0.9823582102974961,0.18420331353745956,0.278353688548929,0.759093827872604,0.003442522973836874,2.4189286931087772,76.66362167015379,-113.13806951422464
snapshot41,46.70680536527015,92.45069032496825,-7.16380669535556,-23.212275394710385,28.337786844195858,-51.90521182229802,44.16385575973533,88.20776465258362,-75.77663884087049,74.00526719286547,85.5845757560815,19.893016915642725,1.0442445615599558,7.82312236469962,-9.567648261351854,2.6985290619716022,7.2280304081563855,-1.3707573896359049,-5.562188236260365,17.56387227576642,-46.71106028739217,-0.1480717987879242,9.228732419237007,-6.548711961530321,5.137722611490413,18.367893940776305,-3.394234255585242,1.3195868602873635,6.53038634640292,-4.311959598471497,0.22596844557123044,4.589057197070524,-2.1966591832039137,15.645402399875557,92.45069032496825,-75.77663884087049
snapshot42,4.734278989294584,17.80442184105689,-5.899769562954452,-4.495320879795372,2.387418800320889,-8.949020021741294,4.683132413001139,16.13336292211431,-11.452609849316477,15.583472960720256,17.780024003443756,-0.7269424971893309,0.6956587756278533,1.4000285800970675,-0.22982554098407526,0.8079348949240414,1.147215298363164,0.652559628921136,-0.3111744484026278,1.328418792632553,-7.330487951788575,0.445491709286019,1.160980293262946,-0.07619154509965495,0.7550300893118665,1.5610409858447059,0.2535681376406057,0.6041397984899609,1.0602614528490852,0.1719055027575393,0.28752442355594743,0.6196958265974295,0.0771299429522487,2.9268923539779053,17.80442184105689,-11.452609849316477
snapshot43,5.180810007339922,11.190507675806373,-1.2146529930078653,1.477923327659453,3.857895743608897,-0.302424289280589,5.170342927871497,9.362887339073009,-1.7672943373436758,8.240597097374625,10.3628713616774,2.767427004523776,1.0011087168120316,1.877240370683906,-0.5883345667817644,1.4642126804082651,2.1877066693517904,1.0770954923927916,1.9877230057355155,3.782470447460543,0.4865712311945445,0.5052822592067143,1.9904517347884223,-0.2463577757973038,1.622002702671943,3.782322230060909,0.317478027845824,0.818236510356617,1.4745492371693683,-0.1010553526409585,0.44508368645420066,1.1940259955683103,-0.142445793421407,2.3336255964452315,124.89045738374915,-234.1949866166014
snapshot44,17.895011321144917,63.347042678802296,-34.99056126768935,-4.715284923541447,13.483006259195195,-19.242510340901635,19.013746912646013,52.746757297328365,-22.926991790542488,47.00730665364278,58.64847208104184,-1.9587458267900173,2.893089850653907,6.268600188556326,-4.223826802661384,3.9277500308047792,7.1175182653959,2.1732362856917553,4.002536624449823,18.21231878527255,-11.462423961125712,1.4848371467145929,8.640708708126201,-2.066355780356966,5.438924353301799,14.683344664298959,-3.3703883453246717,3.1091788768562973,5.859460590042897,-0.7136736628845609,0.8144062703451567,6.900928888945457,-1.4950124091727666,10.505985781635369,63.347042678802296,-34.99056126768935
snapshot45,4.774181836239011,162.6671291856069,-124.43263265248035,-10.062308720156327,24.24744173339605,-58.95097970752606,15.435125087688382,143.74791358888302,-80.2432031363786,137.61839390745791,160.2931657891955,-60.31693318686579,3.1837798268422195,8.700741119489178,-6.01948858349798,4.637225705667784,9.544871122431708,0.8359248031609333,4.317692584056772,34.98015839508144,-36.82017231852178,1.5547266649343996,8.78966671978212,-1.9968013124387285,6.4792389010885465,16.828042243273366,-4.733180387015865,2.9298199239490006,7.1184823471391505,-2.3534907138316843,1.4093499697715326,8.659790909381224,-4.189204936102358,23.074246203204954,162.6671291856069,-124.43263265248035
snapshot46,5.716168675211884,160.630162464925,-99.48777111930436,-4.221628910324464,26.42977604728309,-45.56505011506563,14.891585565360064,131.57444075426176,-78.23234243220655,145.84889745251576,160.84130128284784,-43.08102382367277,2.5048633770215405,5.588356650779216,-3.4907261613798473,4.330480599285718,7.806854865837233,2.2665443860290306,2.985560685456145,23.743493732256095,-15.19915313186101,1.3426244772071654,6.712397818888936,-1.7175370424223586,3.502147547488969,9.542341108264257,-1.1304528637626894,1.5965692029559921,4.296885331709168,-1.8968069409785744,0.756395739875074,3.112012856491688,-0.74413276266574,23.33535330348888,160.84130128284784,-99.48777111930436
snapshot47,30.40065740069642,54.894600744813665,1.7744123000364789,11.171005070389228,25.82114847977486,-1.8470319479666188,30.201580551640756,50.004749751057574,-5.908539922592788,42.431343296661495,50.074267430817514,18.28752483552337,2.497256985391683,10.17780135476126,-11.392595098505806,6.674341151753356,10.338656417166622,2.978483540290207,10.19623440649822,28.130688271600306,-0.038206656128352584,-1.000358179757041,8.370183672440962,-7.648375567456472,5.137301275212573,11.828591200416207,0.43627003805987274,0.4989784036994667,4.53854385901067,-5.799849816707181,2.1227647572471144,6.116911915470033,-6.356725913266291,11.066893431922358,625.8239936409675,-411.20718974072275
snapshot48,12.23061419534782,152.2279425387959,-111.06774156013734,-19.198626535923083,23.497207702875322,-61.58199252692464,17.757659714425767,135.9769522400545,-87.19842051826213,128.94915538682662,148.54872804484006,-54.447091150754446,2.5839595506629727,9.222047086987844,-8.638654693245504,5.618329186880756,14.161630635144197,-1.007283765234133,1.9183612314927587,30.887645209321153,-50.570740411538644,1.0431582805959787,6.917799914642583,-2.3765877031047062,5.171932561443051,16.66410393966388,-7.21565582828567,1.8969172687300584,4.934590240438923,-2.3611983960155007,0.5732533816544326,8.005768814161124,-3.2905051050198946,21.369601558563684,152.2279425387959,-111.06774156013734
snapshot49,51.55531673433449,174.37938653818122,-84.44898029647347,11.292371469673482,61.76941016389902,-45.97354408492095,58.25971901431101,151.1354285978407,-63.456498520276945,146.86949378696042,169.91943766955748,-9.023207021145357,4.095150655869899,15.594883558021486,-13.893753075892667,14.42951961901168,21.039420831814482,1.0320059565578155,15.223336423562472,65.36299426284776,-46.59792482386787,-3.1609492781036588,22.798675719150857,-16.88668023034927,9.86145058746763,32.38551047390452,-9.88806406449135,-0.953048262707215,8.060485399021804,-16.45676216028579,-0.0933157926151846,9.716534554305618,-5.719096818886545,29.805254677040583,174.37938653818122,-84.44898029647347
snapshot50,14.725363316640196,34.443881583522156,-9.490743248362117,0.29081109413026207,9.428339474415404,-6.47843640146943,14.294510665993377,31.798094601821035,-11.58293641247794,24.934894330141194,31.692455384586193,4.533265346356584,1.8406773076087444,4.57355500714513,-3.626220690595484,2.3987476891791752,4.534413517020225,0.9449109367773348,3.71579332159277,11.596764277772344,-3.0955868411040317,1.1358322677629078,5.643971170234666,-1.1624277953007616,3.859086565856765,9.305511116575367,-0.16058562291398765,2.3593514294784383,4.413593043472452,-0.6753787544642151,1.231398845841218,4.539120306773488,-1.4845240811402904,6.463716559087119,945.2641804601768,-428.9040252697411
snapshot51,4.928959525657405,22.050698858349,-10.750765320080063,0.6200623708449122,5.624786059254259,-5.333795735785618,5.5938255148412575,18.492603262035313,-7.103837223389506,17.781967476801203,21.41488158349344,-2.866186857519459,1.0509300902708822,2.0809673310940697,-1.0839786645518972,1.6238161075514446,2.8705982246971486,0.9824774863876125,1.9841721546312956,6.426201997709761,-3.3424049547184684,0.32582515921072924,2.1856341930364467,-0.7006293660885762,1.9706519227397725,4.414141401224528,0.17324173003921037,0.7774501026324889,1.5140772759633325,-0.14393649086078042,0.6026716275845112,1.8383967620316723,-0.5057681746525879,3.743481953722429,22.050698858349,-10.750765320080063
snapshot52,2.2420044084397137,4.429392542633162,0.1394798841334524,-0.9581003402182744,1.0178167182853286,-1.7174569570205522,2.0900969750427434,3.7317772356872836,-2.206886623621207,3.430085311243994,4.174244726236301,1.2216979818174363,0.36556894386952016,0.49071699743117664,0.09782635515810623,0.38392530895857596,0.4852811392593264,0.3051228069010499,0.006895724271943381,0.507767739110552,-1.382821189104907,0.2156687631552634,0.5347089997369348,0.03864992555060317,0.49862853129992885,0.9427723278299,0.2071463819257875,0.29090387361924896,0.4307970413192767,0.14465980709787302,0.21245839040445438,0.36186533000214344,0.11102192734895487,0.8576693021540405,4.429392542633162,-2.206886623621207
snapshot53,3.324914016544922,5.811781625775971,0.9735779426233833,-0.9654621111716016,1.8659715323027424,-1.885958243235732,3.101407299660054,5.000655795014679,-2.6188089598802122,4.5024137913337805,5.4362818378711335,2.270197763676224,0.5830381081672084,0.8737641244032017,0.32495834536141527,0.6320281489426016,0.9132873879125321,0.46772922323949573,0.16505072650553518,1.330622124998059,-1.2510266534094538,0.3191887306419957,0.7762489238622734,0.04597336240403418,0.7636881605088455,1.4241087173369704,0.18261538022282822,0.36528535022602704,0.593640458476555,0.16235704515248864,0.2893247837454461,0.5485633141093208,0.12787993685137947,1.2052854364111225,117.46652789096655,-45.84844179884756
snapshot54,23.019703501426815,480.8866987925895,-286.01513152146373,-63.312759856595264,25.749799979324514,-187.9185984056216,47.28524341192888,441.764311784836,-360.6467409419594,435.3244161702557,479.4890613572719,-119.9266033029493,4.113947376224589,29.284278907741225,-32.8052639347086,16.279268544579825,49.17436073269512,-6.776285269550844,-5.869721331059355,46.3441722893874,-183.2220806506132,-0.9746954288733549,21.67945216825711,-15.272939078845262,8.295731552304085,27.48375233453141,-7.060130286485762,1.7184629017855255,8.884821102333698,-11.889832261180791,0.01352703880314227,9.938534035284604,-7.4055174466945735,67.21616051816181,480.8866987925895,-360.6467409419594
snapshot55,62.948443122447664,154.36222852631707,-24.35504654969437,36.17118652413021,75.29628168094303,-9.78247879740856,65.80757249934283,140.25923017455716,-9.16345939681134,126.50659247854047,146.95054405837482,21.347075179233627,2.7452773617629043,20.380003902006756,-26.644856215571927,17.117974301362697,34.922433009250824,1.2894201012517252,28.764964635048486,74.75530297036109,-9.595072893778614,-3.742783201459258,22.450645471844012,-20.20337293000965,11.326269889368318,36.58579347266876,-11.262870252406335,-0.5852842282261561,10.556918937907525,-16.131179597486963,-1.1462338278327264,16.38046961722411,-11.7623604402831,29.078854291252384,154.36222852631707,-40.62128677718899
snapshot56,5.782851339814409,37.33140783299852,-19.576006535581037,2.243866100051322,10.379759400298092,-4.713638076666611,7.8889644507102865,34.209132450533666,-10.541924049172362,32.37304137400737,37.039991110356425,-5.076926022733858,1.710882827650153,3.2836212029335594,-0.6208968723827848,3.1359016605794765,4.020537781847231,1.9732799905757459,3.7243922473213065,8.513172144297043,-3.305878332825762,0.5128277112802747,3.402247317349791,-1.0014805593712777,2.3436879113080398,5.63047360671263,-0.25709948405124816,0.7862218298955329,1.877248176670184,-0.6192107217211248,0.2878865365123013,1.4932893575413513,-0.37838569964676294,6.265413832264055,37.33140783299852,-19.576006535581037
snapshot57,12.004234481886392,35.967920616173906,-15.652130411138696,-6.044413628886332,7.168449842615942,-12.043355959824657,11.84204008630087,28.8055052690616,-16.170898309921856,27.449789198779214,33.526995626350974,1.3133243942127382,1.492610521776882,3.8332211726849783,-2.791134409619298,2.29557333433949,4.498231363100297,1.3188217750726312,0.9392293407604229,5.263721084503167,-9.98468584821162,0.9289640382300249,4.289995416602518,-0.6531781073938345,2.990411928757612,8.210862192901375,-1.1336108489057322,1.5752838502613944,3.068371958367589,-0.15302982770368873,0.6510689580447444,3.5213379456751923,-1.4905827287955908,6.047292965656094,35.967920616173906,-16.170898309921856
snapshot58,1.864163134130298,4.063676215830964,-0.22285559140154956,0.3563316915533559,1.1127669110466127,-0.08380286578468311,1.8071002782697934,3.3596517340347436,-0.4835931542349913,2.921377398555706,3.7681423032664854,0.9589460171049666,0.6430782733120194,0.8590038999134018,0.27825561073472266,0.7245158181625103,0.9124646965674287,0.6523225493486698,0.7409313004925164,1.144807620987072,0.07030816819844651,0.5912971190248042,0.8062991501994433,0.32778629651978763,0.6906410126891979,1.2236201804589109,0.32721579487051017,0.355816967198393,0.47095227482164503,0.0995206744393643,0.3319880552853194,0.57734838852955,0.14338195169609325,0.9034528565271424,315.2774325529759,-99.0085259382943
snapshot59,16.13914740035987,35.723565140100845,-6.6584280520619785,0.8577838056404414,10.405141192823656,-5.551185855102002,15.902611397193768,31.19539842301313,-10.427632531814027,25.411278606366594,31.9785288788944,6.411969232618893,1.7037031569495165,4.857132500443217,-4.4968590830431365,2.6770995044940933,4.778097731033906,1.330717108300171,3.9574927408720484,12.457900559059919,-2.6172602416829496,0.8904186390216077,5.159512485654203,-1.6231028698783205,3.4515049183392947,8.385360238983932,-0.6152309204481005,2.2733269589363316,4.683578853021705,-0.4379902849542534,0.8858599547953051,3.3629152741889023,-0.47226997853896857,6.649178251216708,35.723565140100845,-10.427632531814027
snapshot60,13.938725874218528,98.31804774614137,-56.43863950378893,-8.405919754815104,23.43736495998142,-43.55725366277373,19.060555698119835,95.83916678989827,-57.67819969345183,86.36182263649582,98.18975994472805,-20.473831966257038,2.489543372709768,5.899979597210128,-4.189205090299872,4.776609317846922,8.450400205171494,0.9640078953893911,1.2811008987438182,21.844086093901236,-41.43125360342381,0.6102224003751775,8.697574324004053,-3.3956670734068366,4.819915882527363,14.458332891997484,-2.7447882573732834,1.2941988230371255,3.9797419145571458,-2.2781548723409837,-0.16954802498874932,4.0130616707829745,-3.27598145890524,15.193026035195597,98.31804774614137,-57.67819969345183
snapshot61,15.401517498609675,25.987370351920827,3.517222919323242,-10.656254750939262,8.53773956220544,-18.65404307091828,14.114083696075681,23.603493517474195,-20.55819933016321,20.828431523663475,24.19830581964906,9.836805978420557,1.2539393718467813,2.798400798745058,-0.5807103621886661,1.3308722226267433,3.202997669269283,0.5387813969919582,-2.5122874700051274,3.3093265131529757,-12.339408883408161,0.687539979424122,2.7250711466564748,-0.17415319749993521,2.0636300503840728,5.0043481011262525,-0.4050892900330089,1.1570225741146447,2.000918945741731,0.39591251971995456,0.6637739173582096,2.4503782220314387,-0.45180633373341494,4.801245069878368,25.987370351920827,-20.55819933016321
snapshot62,5.824416372826124,37.733941926330424,-23.745186061503436,-4.342701996165184,6.097550976184805,-14.286398745209944,7.5225695748216435,32.80428551315945,-19.74510502556252,30.7540374821798,36.718671600393,-8.866410795898211,1.1040824950486827,3.3241613797376126,-4.063059940709697,1.8745249723562438,4.608849302126554,0.5601555606419225,1.1979971856157927,6.539963307027957,-8.32713744999065,0.409236236498171,1.49882831409247,-0.3978845575442102,2.6719306947525987,5.463157633074169,-0.7576785699249813,0.8515968999684973,1.7090536837282404,-0.09110433311000331,0.8808730101486519,2.888304876718684,-0.3455660606251205,5.832882971807583,37.733941926330424,-23.745186061503436
snapshot63,38.40449735447312,78.33350923205724,-9.47905919882369,5.566191276596477,29.46610932763963,-12.477624823616896,37.98222686755422,72.64324623702502,-27.465183833861822,61.44449380136704,72.2345705700564,15.605921300193613,2.472613245027119,11.450359039950758,-11.117624401574858,7.700919466828237,11.832431220061752,2.390006447284235,8.883928437766324,31.402408897404563,-7.73996786924332,-0.43601758305775845,11.552288776982765,-9.161461809865243,5.8394277916122315,19.080647078403125,-5.38624306773552,0.5606360110542773,7.8947151461122544,-9.860839915659131,-0.5684685323472892,4.857143007743711,-3.2381160088287477,14.574725588407121,78.33350923205724,-27.465183833861822
snapshot64,11.67441275643674,36.46119161320089,-17.02054286385491,-1.5597980290240803,8.040067385404102,-9.415572877659322,12.08348840812425,33.24309391065216,-16.224956137507213,27.506751237483126,33.609644048658794,-1.7507789661995135,1.6979147926114495,3.83467927864794,-2.3867570593359613,2.513234528690084,3.264182706203347,1.424264290689427,2.462672730703919,9.950087452305674,-4.992898389247786,0.9934111546807156,4.444119384810412,-0.9098893650458463,2.612833462547322,7.1031756337935565,-0.8094280895835675,1.5202108214323629,3.2589176442300967,-0.5460670888303003,0.4041704488872649,3.323442799996526,-1.4845331769104297,6.126648576072328,36.46119161320089,-17.02054286385491
snapshot65,23.841333951810768,45.960459934123506,-2.5667458720078313,8.205866675217246,19.50573841466196,-4.47877721493251,23.651064326063967,43.19316583603017,-6.565141305244343,35.06398973986528,42.42160870712371,11.92987909276256,2.1253214077821623,5.902625053513248,-5.905983182978955,4.3212521431263875,7.991935517333964,1.6038391206826317,8.092420087171913,22.72613112516468,-1.4790081915873763,0.9153148830396589,9.750212497193658,-3.0156445745694196,4.736828196598342,15.555057716125114,-2.2931288136412706,1.6506729704571959,4.759901499163834,-2.594012538038448,0.5159826501275174,5.364184879397615,-2.509110854680039,9.217882740659848,45.960459934123506,-8.564452687413072
snapshot66,11.069769613037455,189.61010157874952,-137.1901642892792,-23.90021653678255,31.38682097368605,-90.33134762911864,23.643385872298246,173.81707063820784,-113.04483837537842,153.23144147613132,182.41818475218466,-68.67005743702603,4.348911360813184,19.15381352568222,-26.87971758156872,6.9970613662920425,22.584201186343194,-1.3004516855171278,2.869691254803113,40.33008671661296,-42.83465821504757,0.3625432002190435,10.573223718941836,-5.033130873562174,13.43446251628674,31.13134445536794,-8.089997822590735,4.129995251197881,8.768904239528423,-3.2290135281071963,5.9931775485237,16.179833864172018,-2.169833988195464,26.804164031767723,944.6506310810062,-1808.8568267358096
snapshot67,33.295052878019675,104.84738388982221,-32.11036318865184,-16.085701548040554,31.225370526306463,-44.50645752554194,33.908504142116016,92.88547145962345,-64.36259959093957,87.93607531141411,101.77209266572036,-0.5736842873654459,3.6614627614075412,13.080413660470153,-12.210492932855617,6.6149928962550435,9.408114631027642,2.275514937572637,-0.290625228261485,27.7676750222759,-29.70162793526675,1.0173174427944924,12.351636193750073,-5.27802007584543,5.39570151916395,17.016984117013468,-2.8755546050193175,0.8378849229058069,5.54253071647296,-5.44225623663809,-0.1179544411005047,4.8003005938959715,-3.4903036636981097,17.234508800791428,104.84738388982221,-64.36259959093957
snapshot68,55.77133078521041,129.9274434611121,-43.96747506223533,-48.01196172984998,36.658917100713126,-85.8863302387256,51.947188870013655,113.75009878267953,-98.9448185276351,102.07765865680653,120.79706955674297,16.51362496443106,2.7203143239130907,9.765376604436858,-8.58412131822903,3.4293883502422395,8.72986627185116,-1.6968591822409471,-10.491875048846218,17.36744441791153,-63.51812711122113,0.7166088833821247,14.169991901458479,-6.117403586627534,7.693156910979114,29.420025288202535,-15.000792562099306,3.596136463103336,9.819878632801682,-4.095233851566628,1.0718589904238134,16.310466735735993,-7.201931274408674,20.9069456074398,129.9274434611121,-98.9448185276351
snapshot69,16.92987924312136,37.28635319949134,-6.646501926884074,7.180294485003491,14.022461799312836,-3.120412510658001,17.26698172790055,33.65866133464725,-4.281440593951072,27.375855826644216,33.90757032435093,9.041813722627566,1.7037769796005093,5.591311983973067,-5.504918888216292,3.4563947059665607,6.792233253738294,1.4981982404927947,6.965687721168186,17.202724792196673,-0.8308739743888508,0.4371509618184282,6.947133286043564,-2.587036191536552,3.8417080737924487,11.031997066284823,-1.1810765477416139,1.4822502611633481,4.171843740032867,-2.177187146054702,0.8399982058633841,4.532768438433396,-1.0673427036435017,7.238356137980503,37.28635319949134,-27.533142118476476
snapshot70,-5.119174531496021,173.06518853021035,-140.18370944634196,-15.752505906216697,19.09136579594378,-51.821542661456846,5.8169595553757905,151.61087144875722,-99.04676266870787,149.16929469107774,170.77984681800848,-67.20963230408344,2.3549263727913954,7.4907736299525345,-4.897779145580568,3.7560268368591365,10.328320782519171,0.5088072736574926,1.7726304607307497,23.122435182080334,-39.04330495253222,1.1148362539030814,7.814730982844368,-1.9264716761418395,5.831665848075992,16.7306281254127,-4.94272846368728,2.904217972018929,5.915413696522281,-1.4935828216207843,1.0191476820235656,9.833197456446305,-4.364418504736577,23.19901076166823,173.06518853021035,-140.18370944634196
snapshot71,76.95175972274392,126.72019007476239,20.636284431214012,-71.86094672127606,35.2818908245129,-122.32035345671643,70.02097587782156,119.88983436717116,-130.23705847070931,103.79555562766254,116.87308289129518,49.14180740421367,1.9157849015037656,8.864106945279064,-9.631181922208617,0.21474169099431076,6.557705593108686,-3.770019119124227,-21.199479520609646,6.693122125670882,-79.87379332496735,1.5977502193932391,8.379816397764674,-1.8379698455623852,6.6802957449384,16.506033071751805,-3.6934125427162408,3.146690381442195,6.959418470036694,-3.331424965446296,1.733032388329028,6.698713040067465,-1.9454493489012066,21.868593252996344,21331.249149954623,-51739.72556673833
snapshot72,12.44178634947232,68.87272975790489,-46.27152232620768,-4.8592377486964535,12.77120222403769,-32.12502409431308,15.459851608228712,55.866754485597085,-29.397622935135914,52.21162312900603,65.29837838307189,-13.722945097313264,2.5446970430425027,6.428100722542852,-3.7793104421455546,3.19966086230439,6.768106425639446,0.27814629284889086,3.54135648586338,22.70675195044666,-15.289036640080084,1.2098299154978438,8.14280078382058,-1.959063451321538,5.0433384544884365,13.467613153559395,-2.592661734825388,3.4384593053214316,5.9675446240374015,0.33198510969539935,1.292494340395831,6.555466856112323,-1.4597298105283172,10.760052577182742,833.7300332770017,-580.5305763609733
snapshot73,22.881205591466788,179.60535660955455,-91.51729720176688,-50.11569778085812,11.892043392364219,-106.63746352722448,26.92534651940138,173.21621003861085,-132.00293397475374,156.84319521591772,177.4576803046701,-34.82764454746871,-0.20482232125709693,8.692304123804025,-12.781220038770192,0.03383936030782918,6.770926700855931,-2.7327333784792507,-10.251910336858298,32.43075844505535,-72.63399786869748,-1.0430043533452966,7.7100461230159825,-6.142617777403976,6.466775100321056,16.915105055485178,-1.323869754508092,1.655568762070513,6.127565221913815,-3.4151897613831896,1.6579030378587594,5.491770417928949,-0.6371006205028596,25.02562603280766,179.60535660955455,-132.00293397475374
snapshot74,5.460074147748573,15.98581546436381,-5.140720421356871,1.8348883723744818,5.576843336300643,-1.7697257289106094,5.923137795681879,13.394037938329882,-3.1663831859832197,12.336122680478015,15.043319766725066,0.8616985676261636,1.13198598785906,2.0307488944811825,-0.32802676334494746,1.8457872854373414,2.7675145497752105,1.1183004168843125,2.382633497904494,5.593181701648192,-1.523147013592161,0.5300422039576924,2.2589445645498327,-0.2847762251947364,1.652900076384527,4.3188709411288375,-0.23536028702526243,0.6766344783543969,1.2700394210393553,0.13492813674802615,0.32677215639123125,1.4679650737127208,-0.3250301518818378,2.9812456402130194,40.601655237387504,-29.344535563618038
snapshot75,12.705495691337735,26.373992146299685,-3.0435214537389217,-1.7331838526117371,8.568016802313878,-6.819663144391388,12.084762217932958,23.157542214436408,-10.984104150869593,19.761915414179402,24.209631363611802,6.022358928547132,1.4040269380265953,3.153438422239036,-1.784025946468712,2.0187134311604096,3.6197302459317124,1.0670692087305544,1.8278838715952292,7.156423679965258,-3.459051227784532,0.620247274857911,3.9732449647485164,-1.3620656262454964,2.7276594828246448,7.63882580179549,-0.2802264949545737,1.394431639112096,3.326570684989856,-0.4810123746666373,0.40334875546858506,2.511076408131872,-1.267429266624557,4.9609497333321055,26.373992146299685,-10.984104150869593
snapshot76,31.800172925018103,62.419132724356885,2.8206912068050802,-15.246022917647593,27.55826723320875,-34.800897800700476,31.243588617895764,57.44201293420625,-34.37569333518804,53.794283603146056,60.52827096563871,17.696904266058773,1.900065741440521,7.476858555192571,-6.595472162558392,3.3994612053568534,6.728584534306306,0.3856959978144169,-6.9557201141959535,13.923364878770945,-31.722655986181866,0.0805648318056122,6.030291413191143,-3.866608835615552,3.453320802850398,10.50603912179566,-2.0161316537344147,0.656768734009927,3.230860378418724,-2.09656911848591,-0.05015213727725811,3.433713104615304,-1.6066679706509284,11.160577265301411,3640.8507654918285,-3445.685932055147
snapshot77,18.217931881999455,76.77187704302932,-44.69203389766204,-5.23151724815986,16.38290768052712,-18.585297120928555,20.593908980791003,66.0569874139737,-28.61462878601583,57.07498190328765,72.01620463999673,-7.233666630085566,3.117435213592909,10.052949439531279,-8.449320830044513,4.882330667649071,9.804943523442986,1.2141612681184457,5.478625784180675,21.70379105107685,-13.13621672228438,1.9959141923907748,10.774136037402892,-2.4792518933369965,6.438339987636936,18.557920431461973,-4.371497681818123,3.457575338432518,7.956520548182852,-3.027505858774114,1.9111173881866887,11.508543840913994,-4.071435695089209,12.641094968663554,76.77187704302932,-44.69203389766204
snapshot78,16.051851457974653,34.272622808467425,-6.362689919092727,-11.599601307799192,7.984421221574214,-20.191759188165175,14.74658053603495,31.306467203077382,-26.424395255380126,26.67212295007473,32.0171137009963,6.377690769731956,1.3177909619459185,3.1798301080255373,-1.9524495136090723,0.9356686538685328,2.643239273296519,-0.1632410610178445,-1.7301269177130436,2.8829636175314106,-15.121129805629014,0.9630690914953488,4.004068712209834,-0.5997538545820734,2.650376493722641,6.663720015296864,-0.10999903602698154,1.7134580349946806,3.4452007517881604,-0.24483937114239415,0.810014242267252,2.624392010943444,-0.3294586722229648,5.980446300117864,223.81507120346404,-85.44106705041486
snapshot79,19.510812403989128,56.98970312868531,-25.394181561285055,-8.150126898685643,12.595630112993165,-18.09475287125044,19.339627131245997,46.667848575438796,-27.55058147894956,42.416478079710664,52.56200904048952,2.8907190810877683,2.2153068588326064,5.858330644136193,-3.1018577737182986,3.297782312909826,7.5530812718944045,1.3840396774247492,1.9586016023385577,9.45422741570093,-14.535744822119717,1.0816553772041255,7.507377681932849,-2.175918415905328,4.680201596472514,15.202207424294027,-5.6325643748667,2.535143979871196,5.703382259557616,-1.0198696099274192,1.259914070268704,9.604513179596166,-3.300901280784896,9.525068991195543,186.49146695851078,-96.9512925070247
snapshot80,2.394829773727234,5.5738550956605915,-0.8197540380066664,-0.43297413187051453,0.9390610699114481,-1.1281296178204696,2.3315374225776564,4.830770541658801,-1.9492057527190545,4.115113472871583,5.190428417330122,0.8646742949737515,0.4568211890942767,0.838987621416039,-0.17859058246146747,0.5636848046153279,0.834523745806711,0.4539556632954273,0.42618766836442473,0.9929143582984631,-0.7715047111695482,0.29787162935995504,0.7646116989389923,0.05786242722540265,0.6182806842009674,1.151020395626783,0.34865486401595724,0.47112557201918687,0.7211607442106569,0.2556720698054179,0.2690786309473539,0.48151044434612195,0.11503115097525189,1.071209456106354,5.5738550956605915,-1.9492057527190545
snapshot81,72.72376845977841,141.1387166852305,-12.012473677277587,-67.5648817559786,40.98771826818206,-114.48034597629398,68.27683830675144,123.91444497301406,-123.25637499803369,115.69051594712818,133.18656498050362,37.37754975756426,1.731316563539403,12.012320224041588,-12.646839208316095,3.2912030343335776,14.61446019364669,-2.3960603536211584,-22.267461223424164,26.134709220805718,-77.0923281204803,-0.1241426828189559,9.6570450863683,-7.19701923930179,7.008634745498806,23.973624213489057,-19.650566330365876,2.4129713959196977,8.645694263574807,-3.0363923237478243,1.533168385785001,13.46836993030536,-7.243058889581073,23.3194910544692,141.1387166852305,-123.25637499803369
snapshot82,2.5106391445834007,6.403184742359001,-1.301809323140128,1.3999466770462754,2.3421558667209723,0.39695732194747063,2.6044952804627775,5.353600200729103,-0.2680027677786981,5.267307874423553,6.347023310537134,0.8736186927296767,0.7162403660851566,1.1740261635401248,0.0060947113344738315,1.0887487842588577,1.392513961626083,0.8894427145559413,1.4512431359238531,2.339566963417441,0.5834711734165788,0.3727411967967156,1.0189137237073975,-0.030239054329436094,0.7437782370093542,1.4556682974105972,0.21079294211544305,0.4278375192395417,0.7102396273265372,0.1577538301895113,0.22605874448994598,0.4485928089653354,0.07517788016873565,1.37691388456403,6.403184742359001,-1.301809323140128
snapshot83,34.32454115656794,79.34349738869497,-10.051563089530745,-5.816097162393895,20.774129083622494,-30.805896727960462,34.43264675964667,72.80807391312734,-34.418605687446494,56.27789097978412,69.48109398534565,8.110702558871958,2.190304121210461,8.972846161033974,-10.451959598344036,3.5817763520359085,8.181855160733871,-0.4030696720613697,4.0027663612921405,24.491334991388793,-15.47274249052791,1.350659735322026,12.009600403409033,-3.2083107196783467,5.333315494744544,16.32650508913178,-4.112728616745166,3.1965980476773264,7.4152521665318085,-3.2876352859526947,1.5190881257563855,8.062739574267352,-2.585948359110764,13.428658857573799,79.34349738869497,-34.418605687446494
snapshot84,11.729929585835704,20.578159317582735,1.429851418616936,6.33673659071972,9.921068300075671,2.5055859581899647,11.75933306526468,18.34611967309426,1.3469486301626805,15.878596704117992,19.05287076309722,8.373753261623758,1.5945995877093218,3.4415693801998253,-2.2942835842468816,3.1655853280606383,4.736123341988853,1.7832776294722352,5.244232868088095,10.12003564375059,1.059109473839164,0.6387644684907767,4.529588279547017,-1.6366546481720814,2.4226166217999587,6.205761979296443,-0.24136289135563513,0.9288093252502465,2.7090904751918856,-1.1785177247636334,0.343450136486318,2.6026548563823244,-1.066024542597782,4.546243981478501,20.578159317582735,-3.6984852763243015
snapshot85,12.801241222918991,27.027065773171465,0.18239276311147715,-3.666421569193971,10.565320978551643,-13.038722669444786,12.812005912483531,25.332016397370214,-13.789408327014169,23.978957968085705,26.73508830899615,6.3427853053962595,1.420842195468984,3.073860599220731,-0.83711303970433,1.5320784921052502,2.327029376845043,0.845429133902867,-1.683109567630774,5.951315445654406,-12.036160068815274,0.3658580850683542,2.1780213977902028,-0.8986754546468568,1.7750525182517116,3.524434671393298,0.48179871190118945,0.524725684247135,1.29533238704346,-0.39534091503613955,0.4148586635156922,1.1830781772186196,-0.019498997477466543,5.0313248797196675,27.027065773171465,-13.789408327014169
snapshot86,2.8948741541782295,53.94329918182208,-37.74137954521417,-2.3951107965050458,4.205854918286928,-12.36313368331668,6.011984691353693,47.53229805818275,-22.0127936324156,48.21934963715178,54.14254762222199,-12.71559386490872,1.0675583023633826,2.127185005288991,-0.6257293918133539,1.5521202178523443,2.9570534749388693,0.7867973309740557,1.4950376867135122,7.617914726492573,-8.173799816979194,0.6681667460077573,2.5775279791653305,-0.30403886798093366,1.6567403935685672,3.8158413963216686,-0.11093498280965146,1.0071458802469484,1.8181638283824058,0.10690218358195427,0.46760604926178373,1.7093744396796549,-0.2054753800650661,8.028121887143598,54.14254762222199,-39.93683566665176
snapshot87,48.707147094842234,85.23242938885872,13.214834963496294,-40.45534266582006,21.598620739026615,-64.46727985184307,44.274982988326904,78.66582145020914,-76.83208934161021,65.78395354116715,76.42897173495916,27.18291270457598,1.3837573011668394,8.000835086697135,-7.8118678734470235,-0.099945366836505,2.2440669568726554,-2.164000912811679,-9.71036788672642,2.6706078488562417,-49.576067166779616,1.0351124833561975,8.469142866243267,-3.778524979011097,5.251531419805508,18.066587746559772,-0.7749517784940176,3.2679507224163578,7.8742817542600125,-2.2174176611340153,0.8620550265375267,4.73247286507358,-1.0256562001764116,14.488145135608752,85.23242938885872,-76.83208934161021
snapshot88,33.41944867719959,98.43431243963106,-25.665710480715074,22.01910753240577,46.2723588496896,-12.500477565922518,37.208740707609294,86.9640052983342,-13.239317802443408,81.79126565246233,95.29576325598542,3.4786381500155827,3.4432460223989825,14.655173441153886,-17.588792069407557,11.652001923549744,24.72445801898062,3.0038499693914957,18.378773253589333,45.711981578814346,-13.28980658808891,-0.9481645356673978,10.98037971232953,-9.007668643285095,6.43045165199804,20.48606819231537,-11.561797222966058,0.986827842939939,5.143424071622445,-3.9541121153333862,-1.310701639625288,10.41364410687377,-9.55668493390893,18.223824966068488,98.43431243963106,-25.665710480715074
snapshot89,13.303437799172055,49.187461205112086,-30.459005171126318,-4.303976007625557,9.692135448263176,-17.674706274665656,14.252427897545267,42.49877744454085,-19.329913217338888,36.30906936222857,45.03092214123817,-2.4796028491474136,1.9481766895743526,4.889713656025294,-3.8334484456743856,2.601200200897083,4.016426096017617,0.7036769130222505,2.522773361913832,15.453211053085246,-10.736006547611902,1.0121949845412153,6.189156509251271,-1.2876539092611496,3.5596537948340297,9.700226527032816,-0.5667894429581685,2.0604156641093105,4.2839175909198906,-0.886833055018401,0.8634010283450781,3.344612332768891,-0.577190868601967,7.8549457742397175,49.187461205112086,-30.459005171126318
snapshot90,23.26574445585427,59.311892638443226,-22.768689411318768,5.001588076517419,18.702196736197806,-12.20930766659511,23.63728197810978,51.6336473788631,-17.058152679546886,44.27651740228539,54.19781531039995,6.244965670637314,2.795092125204974,9.718261569032517,-8.412588758066905,5.373825390570025,9.085814485346733,3.05209798648577,8.00006989877416,25.90972901360476,-4.522256459074477,0.6733691244350448,8.19678319310916,-3.6574523085708694,5.553333136217901,12.136654370907463,0.679723858542614,1.9629371174118224,5.867763727572251,-3.7778038920824497,2.0829578982189427,7.1340382104016635,-2.966302324343021,10.73231999158431,59.311892638443226,-45.526718594452944
snapshot91,4.742435672242217,37.13325763920184,-21.805374855526157,0.19039009742571417,6.431334140298167,-6.778736562955028,6.729683083776111,33.57501799928654,-17.375986294188024,31.672686129737688,36.767180675125516,-7.4801945819925795,1.4203568275051413,2.681991464414799,-0.4757162965123036,2.366206016853588,3.122059128936057,1.5376517482919283,2.762753082012644,6.8049874628255145,-4.497805759602819,0.3837685941271656,2.9042853657981045,-0.891263142267779,2.195592109541349,5.301334354431723,0.15356949777240847,0.8671059937109077,1.8877921309134043,-0.46203593976091695,0.5847343886073715,1.7147645416296544,-0.22443055090119016,5.9572162150168255,37.13325763920184,-21.805374855526157
snapshot92,1.713989243129652,249.84890292864492,-167.08718900116554,-12.50357051293477,25.23889393215108,-60.5535882420782,12.521591594532149,230.62216039455583,-134.7348563761878,225.3915866781564,250.40818778177174,-69.8835919511755,2.5413729335905875,6.735220392747711,-5.4193825115784335,3.8834334102649035,5.9980165631313636,1.005730569411451,2.3553183234676554,22.13006233511396,-20.098401999430507,0.8163377543840629,9.353812201345486,-4.150011787719199,5.450580516575327,16.321406433932022,-2.8100100604711455,2.401285803490583,6.000605313792235,-1.0136440846285133,0.738813840572955,4.876199344253942,-1.5698086210442637,34.66081970056866,250.40818778177174,-167.08718900116554
snapshot93,21.746968516632815,85.25395876024152,-47.39034956170553,-10.796327299914937,18.579691419663583,-26.414265187180128,23.711019159690764,73.55002912624104,-41.220417146942545,65.78771908013303,80.73908923122049,-6.91980715142744,2.572489964277587,8.024418637183654,-5.130460961005915,4.760517002781815,9.748780122917767,1.8577402894190063,3.159493568478733,17.239740806805234,-20.401032504711036,0.5882712368047538,9.79327448809494,-4.362007224521615,5.8353223429188485,18.790192537558326,-5.900509476323497,2.2781715429124447,6.1100522664505625,-2.343655772374125,1.0616810547666284,8.390179076475896,-2.633744253848767,13.633425299920818,85.25395876024152,-47.39034956170553
snapshot94,17.113581279072495,132.9701191168913,-111.13049092910349,-27.55177255523004,20.07860865543312,-66.51116463915086,24.730881002830316,112.16199466895318,-64.87434286928911,106.9119062188645,129.2495721367857,-39.0713775603698,1.6478141562375124,8.421039023528477,-11.149387219212786,2.2140305098459314,6.693769673925519,-3.510491013817941,-1.3151186811786015,20.88125103787166,-41.65581269977376,1.1051652025545253,10.69706710028314,-4.338078493560418,6.052247958666508,17.967837942935876,-2.9054242504863543,3.6083941845133327,8.244457485499755,-1.813891506976559,1.4348242027389333,7.089605670686629,-2.299558102449994,19.17588683963514,132.9701191168913,-111.13049092910349
snapshot95,4.808897431225946,21.015313353033513,-11.991922962788435,-2.6003568336036906,2.825664691430853,-7.175835751746148,5.169611597382559,16.93120469010373,-8.092911348984453,16.427090627829337,19.95332974998073,-2.7858822957251292,1.0275592351588647,1.6589799840203385,-0.05021332084834479,1.3036534658804417,1.7059054167764363,0.8446943705345654,0.3902018029748114,3.135579362812195,-4.947422587278546,0.4521987499516427,1.73097487523298,-0.2284043246032446,1.6227418336109785,4.968622289126692,0.0024118651353917586,0.8767526249874462,1.5243466401486887,0.3082551631289717,0.5049412975003975,1.790313411573727,-0.20666915292358468,3.3606749818569366,66.85622217222331,-54.826934857617545
snapshot96,5.179867469525495,281.13760475031916,-196.53020105647113,3.796572306836758,42.322749571186684,-25.77745941714779,22.12964224512338,260.9854181509325,-158.67753214698385,256.47254784620145,281.779920066361,-78.36227640545268,2.512612235620049,9.939188560161426,-10.573792791784529,5.936566771928931,10.855821666341646,1.3141067412368486,9.294393438595446,45.89801434807595,-29.734465417251144,0.12053645552756365,11.576996323902634,-7.283970076906165,4.276461470581351,12.01668724641951,-5.288298362073356,1.679935047170587,6.17846121709022,-3.3127074915003365,0.9841506765539506,4.883746213912402,-2.0257782852833492,40.18943416767908,281.779920066361,-196.53020105647113
snapshot97,5.703534609858409,18.948137827395556,-7.4092535453799755,1.1591743539515202,5.30456796219757,-2.939044954194372,5.891663924140879,15.509294369459855,-5.85882773375532,15.49566015126469,18.294168576719674,-0.5708238301477371,1.187752321257652,2.1397412639093187,-0.39283362675910566,1.9516167658693608,2.6367905880654896,1.2566659205922515,2.1407616667310414,5.34707518763268,-2.5817441655514735,0.5152780946444192,2.410945343617828,-0.5340874852840171,1.5604584849632455,3.670446042829766,0.22232533916781724,0.7854863213828751,1.442048448651333,-0.07454236261083312,0.3749555693089728,0.9611140789527226,0.018997184420440585,3.395312326320559,18.948137827395556,-7.4092535453799755
snapshot98,9.061685507626576,14.923885022653652,2.7018763575046254,2.7692999971782792,7.320013249927957,-0.305968635890718,8.846686922008,13.302231855919393,-0.8155355486515374,11.905329590589112,13.984477743094622,6.641366472631957,1.5063235268688895,2.9893796863715947,-0.6167775625790578,2.54085057751618,3.470538547320353,1.687088848160666,2.811744512349351,6.502125879431555,0.3976031914476896,0.46864874402595963,2.321825154914756,-0.6978111635186978,1.9746758800945143,3.9480259614136717,0.5065441875501908,0.7404917936774641,1.823758316349807,-0.2504999049522244,0.5363574663764579,1.3195327347360737,-0.06779801106872378,3.3463424166677176,14.923885022653652,-2.0386786400778707
snapshot99,26.243120326364842,122.35284355067957,-64.25127102363109,0.8053188306322363,37.09308179325687,-35.139040252503854,31.116922167817897,103.22177913733765,-50.03528699547581,98.0185702904013,117.68840683882709,-18.317198441594538,3.0788873726756054,12.505213376120182,-13.221989032068523,7.500308486762648,20.121391655152145,0.9780429543936399,11.068842405835776,40.503965245144755,-26.259194116079527,0.05453006842961185,10.339594215777932,-5.07110682248161,6.615770836369589,26.290761832662746,-19.48707584686949,2.119503094258856,6.592776586599388,-3.704773908678384,0.6310093521499528,16.596803605855314,-8.256602568488303,19.55225280656891,122.35284355067957,-64.25127102363109
snapshot100,1.792187573836047,5.5654264173120245,-1.889792164953,0.4761390147956464,1.4538260443125592,-0.36834067160322664,1.8946316970192412,4.809676694552566,-1.0816766748470104,4.575391296112174,5.588944362786005,0.28092443761157376,0.5615573053725839,0.786293109485851,0.1856764471420157,0.7388793446227644,0.8833676434160679,0.6287440766068847,0.866457986497274,1.4269694239355089,-0.10987546208446525,0.24932307294075204,0.7625855661347333,-0.04976165061035823,0.7133652901423075,1.441632975904925,0.23066577661751242,0.33445209466820414,0.5395144201459563,0.09247963446317355,0.23068682606008237,0.493777402424132,0.03430139097397515,1.1295862683707645,68.09243346045625,-27.059101819235114
